ISO-10303-21;
HEADER;
FILE_DESCRIPTION(('KiCad electronic assembly'),'2;1');
FILE_NAME('Top Plate.step','2026-05-12T20:28:01',('Pcbnew'),('Kicad'),
  'Open CASCADE STEP processor 7.8','KiCad to STEP converter','Unknown'
  );
FILE_SCHEMA(('AUTOMOTIVE_DESIGN { 1 0 10303 214 1 1 1 1 }'));
ENDSEC;
DATA;
#1 = APPLICATION_PROTOCOL_DEFINITION('international standard',
  'automotive_design',2000,#2);
#2 = APPLICATION_CONTEXT(
  'core data for automotive mechanical design processes');
#3 = SHAPE_DEFINITION_REPRESENTATION(#4,#10);
#4 = PRODUCT_DEFINITION_SHAPE('','',#5);
#5 = PRODUCT_DEFINITION('design','',#6,#9);
#6 = PRODUCT_DEFINITION_FORMATION('','',#7);
#7 = PRODUCT('Top Plate 1','Top Plate 1','',(#8));
#8 = PRODUCT_CONTEXT('',#2,'mechanical');
#9 = PRODUCT_DEFINITION_CONTEXT('part definition',#2,'design');
#10 = SHAPE_REPRESENTATION('',(#11,#15,#19,#23,#27),#31);
#11 = AXIS2_PLACEMENT_3D('',#12,#13,#14);
#12 = CARTESIAN_POINT('',(0.,0.,0.));
#13 = DIRECTION('',(0.,0.,1.));
#14 = DIRECTION('',(1.,0.,-0.));
#15 = AXIS2_PLACEMENT_3D('',#16,#17,#18);
#16 = CARTESIAN_POINT('',(87.876,-77.79,-8.5E-02));
#17 = DIRECTION('',(1.499759782662E-32,1.224646799147E-16,-1.));
#18 = DIRECTION('',(-1.,1.224646799147E-16,0.));
#19 = AXIS2_PLACEMENT_3D('',#20,#21,#22);
#20 = CARTESIAN_POINT('',(49.208,-105.984,-8.5E-02));
#21 = DIRECTION('',(-1.224646799147E-16,-1.359631073447E-32,-1.));
#22 = DIRECTION('',(1.110223024625E-16,-1.,0.));
#23 = AXIS2_PLACEMENT_3D('',#24,#25,#26);
#24 = CARTESIAN_POINT('',(49.208,-57.216,-8.5E-02));
#25 = DIRECTION('',(-1.224646799147E-16,-1.359631073447E-32,-1.));
#26 = DIRECTION('',(1.110223024625E-16,-1.,0.));
#27 = AXIS2_PLACEMENT_3D('',#28,#29,#30);
#28 = CARTESIAN_POINT('',(0.,0.,0.));
#29 = DIRECTION('',(0.,0.,1.));
#30 = DIRECTION('',(1.,0.,-0.));
#31 = ( GEOMETRIC_REPRESENTATION_CONTEXT(3) 
GLOBAL_UNCERTAINTY_ASSIGNED_CONTEXT((#35)) GLOBAL_UNIT_ASSIGNED_CONTEXT(
(#32,#33,#34)) REPRESENTATION_CONTEXT('Context #1',
  '3D Context with UNIT and UNCERTAINTY') );
#32 = ( LENGTH_UNIT() NAMED_UNIT(*) SI_UNIT(.MILLI.,.METRE.) );
#33 = ( NAMED_UNIT(*) PLANE_ANGLE_UNIT() SI_UNIT($,.RADIAN.) );
#34 = ( NAMED_UNIT(*) SI_UNIT($,.STERADIAN.) SOLID_ANGLE_UNIT() );
#35 = UNCERTAINTY_MEASURE_WITH_UNIT(LENGTH_MEASURE(1.E-07),#32,
  'distance_accuracy_value','confusion accuracy');
#36 = PRODUCT_RELATED_PRODUCT_CATEGORY('part',$,(#7));
#37 = SHAPE_DEFINITION_REPRESENTATION(#38,#44);
#38 = PRODUCT_DEFINITION_SHAPE('','',#39);
#39 = PRODUCT_DEFINITION('design','',#40,#43);
#40 = PRODUCT_DEFINITION_FORMATION('','',#41);
#41 = PRODUCT('PinHeader_1x04_P2.54mm_Vertical',
  'PinHeader_1x04_P2.54mm_Vertical','',(#42));
#42 = PRODUCT_CONTEXT('',#2,'mechanical');
#43 = PRODUCT_DEFINITION_CONTEXT('part definition',#2,'design');
#44 = ADVANCED_BREP_SHAPE_REPRESENTATION('',(#11,#45),#2825);
#45 = MANIFOLD_SOLID_BREP('',#46);
#46 = CLOSED_SHELL('',(#47,#87,#118,#149,#478,#807,#824,#841,#858,#875,
    #892,#909,#926,#943,#960,#977,#994,#1011,#1028,#1045,#1062,#1079,
    #1096,#1113,#1130,#1147,#1164,#1181,#1193,#1224,#1248,#1272,#1289,
    #1320,#1344,#1368,#1385,#1416,#1440,#1464,#1481,#1512,#1536,#1560,
    #1577,#1608,#1632,#1656,#1673,#1704,#1728,#1752,#1769,#1800,#1824,
    #1848,#1865,#1896,#1920,#1944,#1961,#1992,#2016,#2040,#2057,#2088,
    #2112,#2136,#2153,#2184,#2208,#2232,#2249,#2280,#2304,#2328,#2345,
    #2376,#2400,#2424,#2441,#2472,#2496,#2520,#2537,#2568,#2592,#2616,
    #2633,#2664,#2688,#2712,#2729,#2741,#2753,#2765,#2777,#2789,#2801,
    #2813));
#47 = ADVANCED_FACE('',(#48),#82,.F.);
#48 = FACE_BOUND('',#49,.F.);
#49 = EDGE_LOOP('',(#50,#60,#68,#76));
#50 = ORIENTED_EDGE('',*,*,#51,.T.);
#51 = EDGE_CURVE('',#52,#54,#56,.T.);
#52 = VERTEX_POINT('',#53);
#53 = CARTESIAN_POINT('',(-1.016,1.27,0.));
#54 = VERTEX_POINT('',#55);
#55 = CARTESIAN_POINT('',(-1.016,1.27,2.54));
#56 = LINE('',#57,#58);
#57 = CARTESIAN_POINT('',(-1.016,1.27,0.));
#58 = VECTOR('',#59,1.);
#59 = DIRECTION('',(0.,0.,1.));
#60 = ORIENTED_EDGE('',*,*,#61,.T.);
#61 = EDGE_CURVE('',#54,#62,#64,.T.);
#62 = VERTEX_POINT('',#63);
#63 = CARTESIAN_POINT('',(-1.27,1.016,2.54));
#64 = LINE('',#65,#66);
#65 = CARTESIAN_POINT('',(-1.016,1.27,2.54));
#66 = VECTOR('',#67,1.);
#67 = DIRECTION('',(-0.707106781187,-0.707106781187,0.));
#68 = ORIENTED_EDGE('',*,*,#69,.F.);
#69 = EDGE_CURVE('',#70,#62,#72,.T.);
#70 = VERTEX_POINT('',#71);
#71 = CARTESIAN_POINT('',(-1.27,1.016,0.));
#72 = LINE('',#73,#74);
#73 = CARTESIAN_POINT('',(-1.27,1.016,0.));
#74 = VECTOR('',#75,1.);
#75 = DIRECTION('',(0.,0.,1.));
#76 = ORIENTED_EDGE('',*,*,#77,.F.);
#77 = EDGE_CURVE('',#52,#70,#78,.T.);
#78 = LINE('',#79,#80);
#79 = CARTESIAN_POINT('',(-1.016,1.27,0.));
#80 = VECTOR('',#81,1.);
#81 = DIRECTION('',(-0.707106781187,-0.707106781187,0.));
#82 = PLANE('',#83);
#83 = AXIS2_PLACEMENT_3D('',#84,#85,#86);
#84 = CARTESIAN_POINT('',(-1.016,1.27,0.));
#85 = DIRECTION('',(0.707106781187,-0.707106781187,0.));
#86 = DIRECTION('',(-0.707106781187,-0.707106781187,0.));
#87 = ADVANCED_FACE('',(#88),#113,.F.);
#88 = FACE_BOUND('',#89,.F.);
#89 = EDGE_LOOP('',(#90,#100,#106,#107));
#90 = ORIENTED_EDGE('',*,*,#91,.T.);
#91 = EDGE_CURVE('',#92,#94,#96,.T.);
#92 = VERTEX_POINT('',#93);
#93 = CARTESIAN_POINT('',(1.016,1.27,0.));
#94 = VERTEX_POINT('',#95);
#95 = CARTESIAN_POINT('',(1.016,1.27,2.54));
#96 = LINE('',#97,#98);
#97 = CARTESIAN_POINT('',(1.016,1.27,0.));
#98 = VECTOR('',#99,1.);
#99 = DIRECTION('',(0.,0.,1.));
#100 = ORIENTED_EDGE('',*,*,#101,.T.);
#101 = EDGE_CURVE('',#94,#54,#102,.T.);
#102 = LINE('',#103,#104);
#103 = CARTESIAN_POINT('',(1.016,1.27,2.54));
#104 = VECTOR('',#105,1.);
#105 = DIRECTION('',(-1.,0.,0.));
#106 = ORIENTED_EDGE('',*,*,#51,.F.);
#107 = ORIENTED_EDGE('',*,*,#108,.F.);
#108 = EDGE_CURVE('',#92,#52,#109,.T.);
#109 = LINE('',#110,#111);
#110 = CARTESIAN_POINT('',(1.016,1.27,0.));
#111 = VECTOR('',#112,1.);
#112 = DIRECTION('',(-1.,0.,0.));
#113 = PLANE('',#114);
#114 = AXIS2_PLACEMENT_3D('',#115,#116,#117);
#115 = CARTESIAN_POINT('',(1.016,1.27,0.));
#116 = DIRECTION('',(0.,-1.,0.));
#117 = DIRECTION('',(-1.,0.,0.));
#118 = ADVANCED_FACE('',(#119),#144,.F.);
#119 = FACE_BOUND('',#120,.F.);
#120 = EDGE_LOOP('',(#121,#122,#130,#138));
#121 = ORIENTED_EDGE('',*,*,#69,.T.);
#122 = ORIENTED_EDGE('',*,*,#123,.T.);
#123 = EDGE_CURVE('',#62,#124,#126,.T.);
#124 = VERTEX_POINT('',#125);
#125 = CARTESIAN_POINT('',(-1.27,-1.016,2.54));
#126 = LINE('',#127,#128);
#127 = CARTESIAN_POINT('',(-1.27,1.016,2.54));
#128 = VECTOR('',#129,1.);
#129 = DIRECTION('',(0.,-1.,0.));
#130 = ORIENTED_EDGE('',*,*,#131,.F.);
#131 = EDGE_CURVE('',#132,#124,#134,.T.);
#132 = VERTEX_POINT('',#133);
#133 = CARTESIAN_POINT('',(-1.27,-1.016,0.));
#134 = LINE('',#135,#136);
#135 = CARTESIAN_POINT('',(-1.27,-1.016,0.));
#136 = VECTOR('',#137,1.);
#137 = DIRECTION('',(0.,0.,1.));
#138 = ORIENTED_EDGE('',*,*,#139,.F.);
#139 = EDGE_CURVE('',#70,#132,#140,.T.);
#140 = LINE('',#141,#142);
#141 = CARTESIAN_POINT('',(-1.27,1.016,0.));
#142 = VECTOR('',#143,1.);
#143 = DIRECTION('',(0.,-1.,0.));
#144 = PLANE('',#145);
#145 = AXIS2_PLACEMENT_3D('',#146,#147,#148);
#146 = CARTESIAN_POINT('',(-1.27,1.016,0.));
#147 = DIRECTION('',(1.,0.,0.));
#148 = DIRECTION('',(0.,-1.,0.));
#149 = ADVANCED_FACE('',(#150,#337,#371,#405,#439),#473,.F.);
#150 = FACE_BOUND('',#151,.F.);
#151 = EDGE_LOOP('',(#152,#153,#154,#162,#170,#178,#186,#194,#202,#210,
    #218,#226,#234,#242,#250,#258,#266,#274,#282,#290,#298,#306,#314,
    #322,#330,#336));
#152 = ORIENTED_EDGE('',*,*,#77,.T.);
#153 = ORIENTED_EDGE('',*,*,#139,.T.);
#154 = ORIENTED_EDGE('',*,*,#155,.T.);
#155 = EDGE_CURVE('',#132,#156,#158,.T.);
#156 = VERTEX_POINT('',#157);
#157 = CARTESIAN_POINT('',(-1.016,-1.27,0.));
#158 = LINE('',#159,#160);
#159 = CARTESIAN_POINT('',(-1.27,-1.016,0.));
#160 = VECTOR('',#161,1.);
#161 = DIRECTION('',(0.707106781187,-0.707106781187,0.));
#162 = ORIENTED_EDGE('',*,*,#163,.T.);
#163 = EDGE_CURVE('',#156,#164,#166,.T.);
#164 = VERTEX_POINT('',#165);
#165 = CARTESIAN_POINT('',(-1.27,-1.524,0.));
#166 = LINE('',#167,#168);
#167 = CARTESIAN_POINT('',(-1.016,-1.27,0.));
#168 = VECTOR('',#169,1.);
#169 = DIRECTION('',(-0.707106781187,-0.707106781187,0.));
#170 = ORIENTED_EDGE('',*,*,#171,.T.);
#171 = EDGE_CURVE('',#164,#172,#174,.T.);
#172 = VERTEX_POINT('',#173);
#173 = CARTESIAN_POINT('',(-1.27,-3.556,0.));
#174 = LINE('',#175,#176);
#175 = CARTESIAN_POINT('',(-1.27,-1.524,0.));
#176 = VECTOR('',#177,1.);
#177 = DIRECTION('',(0.,-1.,0.));
#178 = ORIENTED_EDGE('',*,*,#179,.T.);
#179 = EDGE_CURVE('',#172,#180,#182,.T.);
#180 = VERTEX_POINT('',#181);
#181 = CARTESIAN_POINT('',(-1.016,-3.81,0.));
#182 = LINE('',#183,#184);
#183 = CARTESIAN_POINT('',(-1.27,-3.556,0.));
#184 = VECTOR('',#185,1.);
#185 = DIRECTION('',(0.707106781187,-0.707106781187,0.));
#186 = ORIENTED_EDGE('',*,*,#187,.T.);
#187 = EDGE_CURVE('',#180,#188,#190,.T.);
#188 = VERTEX_POINT('',#189);
#189 = CARTESIAN_POINT('',(-1.27,-4.064,0.));
#190 = LINE('',#191,#192);
#191 = CARTESIAN_POINT('',(-1.016,-3.81,0.));
#192 = VECTOR('',#193,1.);
#193 = DIRECTION('',(-0.707106781187,-0.707106781187,0.));
#194 = ORIENTED_EDGE('',*,*,#195,.T.);
#195 = EDGE_CURVE('',#188,#196,#198,.T.);
#196 = VERTEX_POINT('',#197);
#197 = CARTESIAN_POINT('',(-1.27,-6.096,0.));
#198 = LINE('',#199,#200);
#199 = CARTESIAN_POINT('',(-1.27,-4.064,0.));
#200 = VECTOR('',#201,1.);
#201 = DIRECTION('',(0.,-1.,0.));
#202 = ORIENTED_EDGE('',*,*,#203,.T.);
#203 = EDGE_CURVE('',#196,#204,#206,.T.);
#204 = VERTEX_POINT('',#205);
#205 = CARTESIAN_POINT('',(-1.016,-6.35,0.));
#206 = LINE('',#207,#208);
#207 = CARTESIAN_POINT('',(-1.27,-6.096,0.));
#208 = VECTOR('',#209,1.);
#209 = DIRECTION('',(0.707106781187,-0.707106781187,0.));
#210 = ORIENTED_EDGE('',*,*,#211,.T.);
#211 = EDGE_CURVE('',#204,#212,#214,.T.);
#212 = VERTEX_POINT('',#213);
#213 = CARTESIAN_POINT('',(-1.27,-6.604,0.));
#214 = LINE('',#215,#216);
#215 = CARTESIAN_POINT('',(-1.016,-6.35,0.));
#216 = VECTOR('',#217,1.);
#217 = DIRECTION('',(-0.707106781187,-0.707106781187,0.));
#218 = ORIENTED_EDGE('',*,*,#219,.T.);
#219 = EDGE_CURVE('',#212,#220,#222,.T.);
#220 = VERTEX_POINT('',#221);
#221 = CARTESIAN_POINT('',(-1.27,-8.636,0.));
#222 = LINE('',#223,#224);
#223 = CARTESIAN_POINT('',(-1.27,-6.604,0.));
#224 = VECTOR('',#225,1.);
#225 = DIRECTION('',(0.,-1.,0.));
#226 = ORIENTED_EDGE('',*,*,#227,.T.);
#227 = EDGE_CURVE('',#220,#228,#230,.T.);
#228 = VERTEX_POINT('',#229);
#229 = CARTESIAN_POINT('',(-1.016,-8.89,0.));
#230 = LINE('',#231,#232);
#231 = CARTESIAN_POINT('',(-1.27,-8.636,0.));
#232 = VECTOR('',#233,1.);
#233 = DIRECTION('',(0.707106781187,-0.707106781187,0.));
#234 = ORIENTED_EDGE('',*,*,#235,.T.);
#235 = EDGE_CURVE('',#228,#236,#238,.T.);
#236 = VERTEX_POINT('',#237);
#237 = CARTESIAN_POINT('',(1.016,-8.89,0.));
#238 = LINE('',#239,#240);
#239 = CARTESIAN_POINT('',(-1.016,-8.89,0.));
#240 = VECTOR('',#241,1.);
#241 = DIRECTION('',(1.,0.,0.));
#242 = ORIENTED_EDGE('',*,*,#243,.T.);
#243 = EDGE_CURVE('',#236,#244,#246,.T.);
#244 = VERTEX_POINT('',#245);
#245 = CARTESIAN_POINT('',(1.27,-8.636,0.));
#246 = LINE('',#247,#248);
#247 = CARTESIAN_POINT('',(1.016,-8.89,0.));
#248 = VECTOR('',#249,1.);
#249 = DIRECTION('',(0.707106781187,0.707106781187,0.));
#250 = ORIENTED_EDGE('',*,*,#251,.T.);
#251 = EDGE_CURVE('',#244,#252,#254,.T.);
#252 = VERTEX_POINT('',#253);
#253 = CARTESIAN_POINT('',(1.27,-6.604,0.));
#254 = LINE('',#255,#256);
#255 = CARTESIAN_POINT('',(1.27,-8.636,0.));
#256 = VECTOR('',#257,1.);
#257 = DIRECTION('',(0.,1.,0.));
#258 = ORIENTED_EDGE('',*,*,#259,.T.);
#259 = EDGE_CURVE('',#252,#260,#262,.T.);
#260 = VERTEX_POINT('',#261);
#261 = CARTESIAN_POINT('',(1.016,-6.35,0.));
#262 = LINE('',#263,#264);
#263 = CARTESIAN_POINT('',(1.27,-6.604,0.));
#264 = VECTOR('',#265,1.);
#265 = DIRECTION('',(-0.707106781187,0.707106781187,0.));
#266 = ORIENTED_EDGE('',*,*,#267,.T.);
#267 = EDGE_CURVE('',#260,#268,#270,.T.);
#268 = VERTEX_POINT('',#269);
#269 = CARTESIAN_POINT('',(1.27,-6.096,0.));
#270 = LINE('',#271,#272);
#271 = CARTESIAN_POINT('',(1.016,-6.35,0.));
#272 = VECTOR('',#273,1.);
#273 = DIRECTION('',(0.707106781187,0.707106781187,0.));
#274 = ORIENTED_EDGE('',*,*,#275,.T.);
#275 = EDGE_CURVE('',#268,#276,#278,.T.);
#276 = VERTEX_POINT('',#277);
#277 = CARTESIAN_POINT('',(1.27,-4.064,0.));
#278 = LINE('',#279,#280);
#279 = CARTESIAN_POINT('',(1.27,-6.096,0.));
#280 = VECTOR('',#281,1.);
#281 = DIRECTION('',(0.,1.,0.));
#282 = ORIENTED_EDGE('',*,*,#283,.T.);
#283 = EDGE_CURVE('',#276,#284,#286,.T.);
#284 = VERTEX_POINT('',#285);
#285 = CARTESIAN_POINT('',(1.016,-3.81,0.));
#286 = LINE('',#287,#288);
#287 = CARTESIAN_POINT('',(1.27,-4.064,0.));
#288 = VECTOR('',#289,1.);
#289 = DIRECTION('',(-0.707106781187,0.707106781187,0.));
#290 = ORIENTED_EDGE('',*,*,#291,.T.);
#291 = EDGE_CURVE('',#284,#292,#294,.T.);
#292 = VERTEX_POINT('',#293);
#293 = CARTESIAN_POINT('',(1.27,-3.556,0.));
#294 = LINE('',#295,#296);
#295 = CARTESIAN_POINT('',(1.016,-3.81,0.));
#296 = VECTOR('',#297,1.);
#297 = DIRECTION('',(0.707106781187,0.707106781187,0.));
#298 = ORIENTED_EDGE('',*,*,#299,.T.);
#299 = EDGE_CURVE('',#292,#300,#302,.T.);
#300 = VERTEX_POINT('',#301);
#301 = CARTESIAN_POINT('',(1.27,-1.524,0.));
#302 = LINE('',#303,#304);
#303 = CARTESIAN_POINT('',(1.27,-3.556,0.));
#304 = VECTOR('',#305,1.);
#305 = DIRECTION('',(0.,1.,0.));
#306 = ORIENTED_EDGE('',*,*,#307,.T.);
#307 = EDGE_CURVE('',#300,#308,#310,.T.);
#308 = VERTEX_POINT('',#309);
#309 = CARTESIAN_POINT('',(1.016,-1.27,0.));
#310 = LINE('',#311,#312);
#311 = CARTESIAN_POINT('',(1.27,-1.524,0.));
#312 = VECTOR('',#313,1.);
#313 = DIRECTION('',(-0.707106781187,0.707106781187,0.));
#314 = ORIENTED_EDGE('',*,*,#315,.T.);
#315 = EDGE_CURVE('',#308,#316,#318,.T.);
#316 = VERTEX_POINT('',#317);
#317 = CARTESIAN_POINT('',(1.27,-1.016,0.));
#318 = LINE('',#319,#320);
#319 = CARTESIAN_POINT('',(1.016,-1.27,0.));
#320 = VECTOR('',#321,1.);
#321 = DIRECTION('',(0.707106781187,0.707106781187,0.));
#322 = ORIENTED_EDGE('',*,*,#323,.T.);
#323 = EDGE_CURVE('',#316,#324,#326,.T.);
#324 = VERTEX_POINT('',#325);
#325 = CARTESIAN_POINT('',(1.27,1.016,0.));
#326 = LINE('',#327,#328);
#327 = CARTESIAN_POINT('',(1.27,-1.016,0.));
#328 = VECTOR('',#329,1.);
#329 = DIRECTION('',(0.,1.,0.));
#330 = ORIENTED_EDGE('',*,*,#331,.T.);
#331 = EDGE_CURVE('',#324,#92,#332,.T.);
#332 = LINE('',#333,#334);
#333 = CARTESIAN_POINT('',(1.27,1.016,0.));
#334 = VECTOR('',#335,1.);
#335 = DIRECTION('',(-0.707106781187,0.707106781187,0.));
#336 = ORIENTED_EDGE('',*,*,#108,.T.);
#337 = FACE_BOUND('',#338,.F.);
#338 = EDGE_LOOP('',(#339,#349,#357,#365));
#339 = ORIENTED_EDGE('',*,*,#340,.F.);
#340 = EDGE_CURVE('',#341,#343,#345,.T.);
#341 = VERTEX_POINT('',#342);
#342 = CARTESIAN_POINT('',(0.32,-4.76,0.));
#343 = VERTEX_POINT('',#344);
#344 = CARTESIAN_POINT('',(-0.32,-4.76,0.));
#345 = LINE('',#346,#347);
#346 = CARTESIAN_POINT('',(-0.16,-4.76,0.));
#347 = VECTOR('',#348,1.);
#348 = DIRECTION('',(-1.,0.,0.));
#349 = ORIENTED_EDGE('',*,*,#350,.F.);
#350 = EDGE_CURVE('',#351,#341,#353,.T.);
#351 = VERTEX_POINT('',#352);
#352 = CARTESIAN_POINT('',(0.32,-5.4,0.));
#353 = LINE('',#354,#355);
#354 = CARTESIAN_POINT('',(0.32,-4.605,0.));
#355 = VECTOR('',#356,1.);
#356 = DIRECTION('',(0.,1.,0.));
#357 = ORIENTED_EDGE('',*,*,#358,.T.);
#358 = EDGE_CURVE('',#351,#359,#361,.T.);
#359 = VERTEX_POINT('',#360);
#360 = CARTESIAN_POINT('',(-0.32,-5.4,0.));
#361 = LINE('',#362,#363);
#362 = CARTESIAN_POINT('',(-0.16,-5.4,0.));
#363 = VECTOR('',#364,1.);
#364 = DIRECTION('',(-1.,0.,0.));
#365 = ORIENTED_EDGE('',*,*,#366,.T.);
#366 = EDGE_CURVE('',#359,#343,#367,.T.);
#367 = LINE('',#368,#369);
#368 = CARTESIAN_POINT('',(-0.32,-4.605,0.));
#369 = VECTOR('',#370,1.);
#370 = DIRECTION('',(0.,1.,0.));
#371 = FACE_BOUND('',#372,.F.);
#372 = EDGE_LOOP('',(#373,#383,#391,#399));
#373 = ORIENTED_EDGE('',*,*,#374,.F.);
#374 = EDGE_CURVE('',#375,#377,#379,.T.);
#375 = VERTEX_POINT('',#376);
#376 = CARTESIAN_POINT('',(0.32,-7.94,0.));
#377 = VERTEX_POINT('',#378);
#378 = CARTESIAN_POINT('',(0.32,-7.3,0.));
#379 = LINE('',#380,#381);
#380 = CARTESIAN_POINT('',(0.32,-5.875,0.));
#381 = VECTOR('',#382,1.);
#382 = DIRECTION('',(0.,1.,0.));
#383 = ORIENTED_EDGE('',*,*,#384,.T.);
#384 = EDGE_CURVE('',#375,#385,#387,.T.);
#385 = VERTEX_POINT('',#386);
#386 = CARTESIAN_POINT('',(-0.32,-7.94,0.));
#387 = LINE('',#388,#389);
#388 = CARTESIAN_POINT('',(-0.16,-7.94,0.));
#389 = VECTOR('',#390,1.);
#390 = DIRECTION('',(-1.,0.,0.));
#391 = ORIENTED_EDGE('',*,*,#392,.T.);
#392 = EDGE_CURVE('',#385,#393,#395,.T.);
#393 = VERTEX_POINT('',#394);
#394 = CARTESIAN_POINT('',(-0.32,-7.3,0.));
#395 = LINE('',#396,#397);
#396 = CARTESIAN_POINT('',(-0.32,-5.875,0.));
#397 = VECTOR('',#398,1.);
#398 = DIRECTION('',(0.,1.,0.));
#399 = ORIENTED_EDGE('',*,*,#400,.F.);
#400 = EDGE_CURVE('',#377,#393,#401,.T.);
#401 = LINE('',#402,#403);
#402 = CARTESIAN_POINT('',(-0.16,-7.3,0.));
#403 = VECTOR('',#404,1.);
#404 = DIRECTION('',(-1.,0.,0.));
#405 = FACE_BOUND('',#406,.F.);
#406 = EDGE_LOOP('',(#407,#417,#425,#433));
#407 = ORIENTED_EDGE('',*,*,#408,.F.);
#408 = EDGE_CURVE('',#409,#411,#413,.T.);
#409 = VERTEX_POINT('',#410);
#410 = CARTESIAN_POINT('',(0.32,-0.32,0.));
#411 = VERTEX_POINT('',#412);
#412 = CARTESIAN_POINT('',(0.32,0.32,0.));
#413 = LINE('',#414,#415);
#414 = CARTESIAN_POINT('',(0.32,-2.065,0.));
#415 = VECTOR('',#416,1.);
#416 = DIRECTION('',(0.,1.,0.));
#417 = ORIENTED_EDGE('',*,*,#418,.T.);
#418 = EDGE_CURVE('',#409,#419,#421,.T.);
#419 = VERTEX_POINT('',#420);
#420 = CARTESIAN_POINT('',(-0.32,-0.32,0.));
#421 = LINE('',#422,#423);
#422 = CARTESIAN_POINT('',(-0.16,-0.32,0.));
#423 = VECTOR('',#424,1.);
#424 = DIRECTION('',(-1.,0.,0.));
#425 = ORIENTED_EDGE('',*,*,#426,.T.);
#426 = EDGE_CURVE('',#419,#427,#429,.T.);
#427 = VERTEX_POINT('',#428);
#428 = CARTESIAN_POINT('',(-0.32,0.32,0.));
#429 = LINE('',#430,#431);
#430 = CARTESIAN_POINT('',(-0.32,-2.065,0.));
#431 = VECTOR('',#432,1.);
#432 = DIRECTION('',(0.,1.,0.));
#433 = ORIENTED_EDGE('',*,*,#434,.F.);
#434 = EDGE_CURVE('',#411,#427,#435,.T.);
#435 = LINE('',#436,#437);
#436 = CARTESIAN_POINT('',(-0.16,0.32,0.));
#437 = VECTOR('',#438,1.);
#438 = DIRECTION('',(-1.,0.,0.));
#439 = FACE_BOUND('',#440,.F.);
#440 = EDGE_LOOP('',(#441,#451,#459,#467));
#441 = ORIENTED_EDGE('',*,*,#442,.F.);
#442 = EDGE_CURVE('',#443,#445,#447,.T.);
#443 = VERTEX_POINT('',#444);
#444 = CARTESIAN_POINT('',(0.32,-2.22,0.));
#445 = VERTEX_POINT('',#446);
#446 = CARTESIAN_POINT('',(-0.32,-2.22,0.));
#447 = LINE('',#448,#449);
#448 = CARTESIAN_POINT('',(-0.16,-2.22,0.));
#449 = VECTOR('',#450,1.);
#450 = DIRECTION('',(-1.,0.,0.));
#451 = ORIENTED_EDGE('',*,*,#452,.F.);
#452 = EDGE_CURVE('',#453,#443,#455,.T.);
#453 = VERTEX_POINT('',#454);
#454 = CARTESIAN_POINT('',(0.32,-2.86,0.));
#455 = LINE('',#456,#457);
#456 = CARTESIAN_POINT('',(0.32,-3.335,0.));
#457 = VECTOR('',#458,1.);
#458 = DIRECTION('',(0.,1.,0.));
#459 = ORIENTED_EDGE('',*,*,#460,.T.);
#460 = EDGE_CURVE('',#453,#461,#463,.T.);
#461 = VERTEX_POINT('',#462);
#462 = CARTESIAN_POINT('',(-0.32,-2.86,0.));
#463 = LINE('',#464,#465);
#464 = CARTESIAN_POINT('',(-0.16,-2.86,0.));
#465 = VECTOR('',#466,1.);
#466 = DIRECTION('',(-1.,0.,0.));
#467 = ORIENTED_EDGE('',*,*,#468,.T.);
#468 = EDGE_CURVE('',#461,#445,#469,.T.);
#469 = LINE('',#470,#471);
#470 = CARTESIAN_POINT('',(-0.32,-3.335,0.));
#471 = VECTOR('',#472,1.);
#472 = DIRECTION('',(0.,1.,0.));
#473 = PLANE('',#474);
#474 = AXIS2_PLACEMENT_3D('',#475,#476,#477);
#475 = CARTESIAN_POINT('',(4.259053689278E-17,-3.81,0.));
#476 = DIRECTION('',(0.,0.,1.));
#477 = DIRECTION('',(1.,0.,-0.));
#478 = ADVANCED_FACE('',(#479,#666,#700,#734,#768),#802,.T.);
#479 = FACE_BOUND('',#480,.T.);
#480 = EDGE_LOOP('',(#481,#482,#483,#491,#499,#507,#515,#523,#531,#539,
    #547,#555,#563,#571,#579,#587,#595,#603,#611,#619,#627,#635,#643,
    #651,#659,#665));
#481 = ORIENTED_EDGE('',*,*,#61,.T.);
#482 = ORIENTED_EDGE('',*,*,#123,.T.);
#483 = ORIENTED_EDGE('',*,*,#484,.T.);
#484 = EDGE_CURVE('',#124,#485,#487,.T.);
#485 = VERTEX_POINT('',#486);
#486 = CARTESIAN_POINT('',(-1.016,-1.27,2.54));
#487 = LINE('',#488,#489);
#488 = CARTESIAN_POINT('',(-1.27,-1.016,2.54));
#489 = VECTOR('',#490,1.);
#490 = DIRECTION('',(0.707106781187,-0.707106781187,0.));
#491 = ORIENTED_EDGE('',*,*,#492,.T.);
#492 = EDGE_CURVE('',#485,#493,#495,.T.);
#493 = VERTEX_POINT('',#494);
#494 = CARTESIAN_POINT('',(-1.27,-1.524,2.54));
#495 = LINE('',#496,#497);
#496 = CARTESIAN_POINT('',(-1.016,-1.27,2.54));
#497 = VECTOR('',#498,1.);
#498 = DIRECTION('',(-0.707106781187,-0.707106781187,0.));
#499 = ORIENTED_EDGE('',*,*,#500,.T.);
#500 = EDGE_CURVE('',#493,#501,#503,.T.);
#501 = VERTEX_POINT('',#502);
#502 = CARTESIAN_POINT('',(-1.27,-3.556,2.54));
#503 = LINE('',#504,#505);
#504 = CARTESIAN_POINT('',(-1.27,-1.524,2.54));
#505 = VECTOR('',#506,1.);
#506 = DIRECTION('',(0.,-1.,0.));
#507 = ORIENTED_EDGE('',*,*,#508,.T.);
#508 = EDGE_CURVE('',#501,#509,#511,.T.);
#509 = VERTEX_POINT('',#510);
#510 = CARTESIAN_POINT('',(-1.016,-3.81,2.54));
#511 = LINE('',#512,#513);
#512 = CARTESIAN_POINT('',(-1.27,-3.556,2.54));
#513 = VECTOR('',#514,1.);
#514 = DIRECTION('',(0.707106781187,-0.707106781187,0.));
#515 = ORIENTED_EDGE('',*,*,#516,.T.);
#516 = EDGE_CURVE('',#509,#517,#519,.T.);
#517 = VERTEX_POINT('',#518);
#518 = CARTESIAN_POINT('',(-1.27,-4.064,2.54));
#519 = LINE('',#520,#521);
#520 = CARTESIAN_POINT('',(-1.016,-3.81,2.54));
#521 = VECTOR('',#522,1.);
#522 = DIRECTION('',(-0.707106781187,-0.707106781187,0.));
#523 = ORIENTED_EDGE('',*,*,#524,.T.);
#524 = EDGE_CURVE('',#517,#525,#527,.T.);
#525 = VERTEX_POINT('',#526);
#526 = CARTESIAN_POINT('',(-1.27,-6.096,2.54));
#527 = LINE('',#528,#529);
#528 = CARTESIAN_POINT('',(-1.27,-4.064,2.54));
#529 = VECTOR('',#530,1.);
#530 = DIRECTION('',(0.,-1.,0.));
#531 = ORIENTED_EDGE('',*,*,#532,.T.);
#532 = EDGE_CURVE('',#525,#533,#535,.T.);
#533 = VERTEX_POINT('',#534);
#534 = CARTESIAN_POINT('',(-1.016,-6.35,2.54));
#535 = LINE('',#536,#537);
#536 = CARTESIAN_POINT('',(-1.27,-6.096,2.54));
#537 = VECTOR('',#538,1.);
#538 = DIRECTION('',(0.707106781187,-0.707106781187,0.));
#539 = ORIENTED_EDGE('',*,*,#540,.T.);
#540 = EDGE_CURVE('',#533,#541,#543,.T.);
#541 = VERTEX_POINT('',#542);
#542 = CARTESIAN_POINT('',(-1.27,-6.604,2.54));
#543 = LINE('',#544,#545);
#544 = CARTESIAN_POINT('',(-1.016,-6.35,2.54));
#545 = VECTOR('',#546,1.);
#546 = DIRECTION('',(-0.707106781187,-0.707106781187,0.));
#547 = ORIENTED_EDGE('',*,*,#548,.T.);
#548 = EDGE_CURVE('',#541,#549,#551,.T.);
#549 = VERTEX_POINT('',#550);
#550 = CARTESIAN_POINT('',(-1.27,-8.636,2.54));
#551 = LINE('',#552,#553);
#552 = CARTESIAN_POINT('',(-1.27,-6.604,2.54));
#553 = VECTOR('',#554,1.);
#554 = DIRECTION('',(0.,-1.,0.));
#555 = ORIENTED_EDGE('',*,*,#556,.T.);
#556 = EDGE_CURVE('',#549,#557,#559,.T.);
#557 = VERTEX_POINT('',#558);
#558 = CARTESIAN_POINT('',(-1.016,-8.89,2.54));
#559 = LINE('',#560,#561);
#560 = CARTESIAN_POINT('',(-1.27,-8.636,2.54));
#561 = VECTOR('',#562,1.);
#562 = DIRECTION('',(0.707106781187,-0.707106781187,0.));
#563 = ORIENTED_EDGE('',*,*,#564,.T.);
#564 = EDGE_CURVE('',#557,#565,#567,.T.);
#565 = VERTEX_POINT('',#566);
#566 = CARTESIAN_POINT('',(1.016,-8.89,2.54));
#567 = LINE('',#568,#569);
#568 = CARTESIAN_POINT('',(-1.016,-8.89,2.54));
#569 = VECTOR('',#570,1.);
#570 = DIRECTION('',(1.,0.,0.));
#571 = ORIENTED_EDGE('',*,*,#572,.T.);
#572 = EDGE_CURVE('',#565,#573,#575,.T.);
#573 = VERTEX_POINT('',#574);
#574 = CARTESIAN_POINT('',(1.27,-8.636,2.54));
#575 = LINE('',#576,#577);
#576 = CARTESIAN_POINT('',(1.016,-8.89,2.54));
#577 = VECTOR('',#578,1.);
#578 = DIRECTION('',(0.707106781187,0.707106781187,0.));
#579 = ORIENTED_EDGE('',*,*,#580,.T.);
#580 = EDGE_CURVE('',#573,#581,#583,.T.);
#581 = VERTEX_POINT('',#582);
#582 = CARTESIAN_POINT('',(1.27,-6.604,2.54));
#583 = LINE('',#584,#585);
#584 = CARTESIAN_POINT('',(1.27,-8.636,2.54));
#585 = VECTOR('',#586,1.);
#586 = DIRECTION('',(0.,1.,0.));
#587 = ORIENTED_EDGE('',*,*,#588,.T.);
#588 = EDGE_CURVE('',#581,#589,#591,.T.);
#589 = VERTEX_POINT('',#590);
#590 = CARTESIAN_POINT('',(1.016,-6.35,2.54));
#591 = LINE('',#592,#593);
#592 = CARTESIAN_POINT('',(1.27,-6.604,2.54));
#593 = VECTOR('',#594,1.);
#594 = DIRECTION('',(-0.707106781187,0.707106781187,0.));
#595 = ORIENTED_EDGE('',*,*,#596,.T.);
#596 = EDGE_CURVE('',#589,#597,#599,.T.);
#597 = VERTEX_POINT('',#598);
#598 = CARTESIAN_POINT('',(1.27,-6.096,2.54));
#599 = LINE('',#600,#601);
#600 = CARTESIAN_POINT('',(1.016,-6.35,2.54));
#601 = VECTOR('',#602,1.);
#602 = DIRECTION('',(0.707106781187,0.707106781187,0.));
#603 = ORIENTED_EDGE('',*,*,#604,.T.);
#604 = EDGE_CURVE('',#597,#605,#607,.T.);
#605 = VERTEX_POINT('',#606);
#606 = CARTESIAN_POINT('',(1.27,-4.064,2.54));
#607 = LINE('',#608,#609);
#608 = CARTESIAN_POINT('',(1.27,-6.096,2.54));
#609 = VECTOR('',#610,1.);
#610 = DIRECTION('',(0.,1.,0.));
#611 = ORIENTED_EDGE('',*,*,#612,.T.);
#612 = EDGE_CURVE('',#605,#613,#615,.T.);
#613 = VERTEX_POINT('',#614);
#614 = CARTESIAN_POINT('',(1.016,-3.81,2.54));
#615 = LINE('',#616,#617);
#616 = CARTESIAN_POINT('',(1.27,-4.064,2.54));
#617 = VECTOR('',#618,1.);
#618 = DIRECTION('',(-0.707106781187,0.707106781187,0.));
#619 = ORIENTED_EDGE('',*,*,#620,.T.);
#620 = EDGE_CURVE('',#613,#621,#623,.T.);
#621 = VERTEX_POINT('',#622);
#622 = CARTESIAN_POINT('',(1.27,-3.556,2.54));
#623 = LINE('',#624,#625);
#624 = CARTESIAN_POINT('',(1.016,-3.81,2.54));
#625 = VECTOR('',#626,1.);
#626 = DIRECTION('',(0.707106781187,0.707106781187,0.));
#627 = ORIENTED_EDGE('',*,*,#628,.T.);
#628 = EDGE_CURVE('',#621,#629,#631,.T.);
#629 = VERTEX_POINT('',#630);
#630 = CARTESIAN_POINT('',(1.27,-1.524,2.54));
#631 = LINE('',#632,#633);
#632 = CARTESIAN_POINT('',(1.27,-3.556,2.54));
#633 = VECTOR('',#634,1.);
#634 = DIRECTION('',(0.,1.,0.));
#635 = ORIENTED_EDGE('',*,*,#636,.T.);
#636 = EDGE_CURVE('',#629,#637,#639,.T.);
#637 = VERTEX_POINT('',#638);
#638 = CARTESIAN_POINT('',(1.016,-1.27,2.54));
#639 = LINE('',#640,#641);
#640 = CARTESIAN_POINT('',(1.27,-1.524,2.54));
#641 = VECTOR('',#642,1.);
#642 = DIRECTION('',(-0.707106781187,0.707106781187,0.));
#643 = ORIENTED_EDGE('',*,*,#644,.T.);
#644 = EDGE_CURVE('',#637,#645,#647,.T.);
#645 = VERTEX_POINT('',#646);
#646 = CARTESIAN_POINT('',(1.27,-1.016,2.54));
#647 = LINE('',#648,#649);
#648 = CARTESIAN_POINT('',(1.016,-1.27,2.54));
#649 = VECTOR('',#650,1.);
#650 = DIRECTION('',(0.707106781187,0.707106781187,0.));
#651 = ORIENTED_EDGE('',*,*,#652,.T.);
#652 = EDGE_CURVE('',#645,#653,#655,.T.);
#653 = VERTEX_POINT('',#654);
#654 = CARTESIAN_POINT('',(1.27,1.016,2.54));
#655 = LINE('',#656,#657);
#656 = CARTESIAN_POINT('',(1.27,-1.016,2.54));
#657 = VECTOR('',#658,1.);
#658 = DIRECTION('',(0.,1.,0.));
#659 = ORIENTED_EDGE('',*,*,#660,.T.);
#660 = EDGE_CURVE('',#653,#94,#661,.T.);
#661 = LINE('',#662,#663);
#662 = CARTESIAN_POINT('',(1.27,1.016,2.54));
#663 = VECTOR('',#664,1.);
#664 = DIRECTION('',(-0.707106781187,0.707106781187,0.));
#665 = ORIENTED_EDGE('',*,*,#101,.T.);
#666 = FACE_BOUND('',#667,.T.);
#667 = EDGE_LOOP('',(#668,#678,#686,#694));
#668 = ORIENTED_EDGE('',*,*,#669,.F.);
#669 = EDGE_CURVE('',#670,#672,#674,.T.);
#670 = VERTEX_POINT('',#671);
#671 = CARTESIAN_POINT('',(0.32,-4.76,2.54));
#672 = VERTEX_POINT('',#673);
#673 = CARTESIAN_POINT('',(-0.32,-4.76,2.54));
#674 = LINE('',#675,#676);
#675 = CARTESIAN_POINT('',(-0.16,-4.76,2.54));
#676 = VECTOR('',#677,1.);
#677 = DIRECTION('',(-1.,0.,0.));
#678 = ORIENTED_EDGE('',*,*,#679,.F.);
#679 = EDGE_CURVE('',#680,#670,#682,.T.);
#680 = VERTEX_POINT('',#681);
#681 = CARTESIAN_POINT('',(0.32,-5.4,2.54));
#682 = LINE('',#683,#684);
#683 = CARTESIAN_POINT('',(0.32,-4.605,2.54));
#684 = VECTOR('',#685,1.);
#685 = DIRECTION('',(0.,1.,0.));
#686 = ORIENTED_EDGE('',*,*,#687,.T.);
#687 = EDGE_CURVE('',#680,#688,#690,.T.);
#688 = VERTEX_POINT('',#689);
#689 = CARTESIAN_POINT('',(-0.32,-5.4,2.54));
#690 = LINE('',#691,#692);
#691 = CARTESIAN_POINT('',(-0.16,-5.4,2.54));
#692 = VECTOR('',#693,1.);
#693 = DIRECTION('',(-1.,0.,0.));
#694 = ORIENTED_EDGE('',*,*,#695,.T.);
#695 = EDGE_CURVE('',#688,#672,#696,.T.);
#696 = LINE('',#697,#698);
#697 = CARTESIAN_POINT('',(-0.32,-4.605,2.54));
#698 = VECTOR('',#699,1.);
#699 = DIRECTION('',(0.,1.,0.));
#700 = FACE_BOUND('',#701,.T.);
#701 = EDGE_LOOP('',(#702,#712,#720,#728));
#702 = ORIENTED_EDGE('',*,*,#703,.F.);
#703 = EDGE_CURVE('',#704,#706,#708,.T.);
#704 = VERTEX_POINT('',#705);
#705 = CARTESIAN_POINT('',(0.32,-7.94,2.54));
#706 = VERTEX_POINT('',#707);
#707 = CARTESIAN_POINT('',(0.32,-7.3,2.54));
#708 = LINE('',#709,#710);
#709 = CARTESIAN_POINT('',(0.32,-5.875,2.54));
#710 = VECTOR('',#711,1.);
#711 = DIRECTION('',(0.,1.,0.));
#712 = ORIENTED_EDGE('',*,*,#713,.T.);
#713 = EDGE_CURVE('',#704,#714,#716,.T.);
#714 = VERTEX_POINT('',#715);
#715 = CARTESIAN_POINT('',(-0.32,-7.94,2.54));
#716 = LINE('',#717,#718);
#717 = CARTESIAN_POINT('',(-0.16,-7.94,2.54));
#718 = VECTOR('',#719,1.);
#719 = DIRECTION('',(-1.,0.,0.));
#720 = ORIENTED_EDGE('',*,*,#721,.T.);
#721 = EDGE_CURVE('',#714,#722,#724,.T.);
#722 = VERTEX_POINT('',#723);
#723 = CARTESIAN_POINT('',(-0.32,-7.3,2.54));
#724 = LINE('',#725,#726);
#725 = CARTESIAN_POINT('',(-0.32,-5.875,2.54));
#726 = VECTOR('',#727,1.);
#727 = DIRECTION('',(0.,1.,0.));
#728 = ORIENTED_EDGE('',*,*,#729,.F.);
#729 = EDGE_CURVE('',#706,#722,#730,.T.);
#730 = LINE('',#731,#732);
#731 = CARTESIAN_POINT('',(-0.16,-7.3,2.54));
#732 = VECTOR('',#733,1.);
#733 = DIRECTION('',(-1.,0.,0.));
#734 = FACE_BOUND('',#735,.T.);
#735 = EDGE_LOOP('',(#736,#746,#754,#762));
#736 = ORIENTED_EDGE('',*,*,#737,.F.);
#737 = EDGE_CURVE('',#738,#740,#742,.T.);
#738 = VERTEX_POINT('',#739);
#739 = CARTESIAN_POINT('',(0.32,-0.32,2.54));
#740 = VERTEX_POINT('',#741);
#741 = CARTESIAN_POINT('',(0.32,0.32,2.54));
#742 = LINE('',#743,#744);
#743 = CARTESIAN_POINT('',(0.32,-2.065,2.54));
#744 = VECTOR('',#745,1.);
#745 = DIRECTION('',(0.,1.,0.));
#746 = ORIENTED_EDGE('',*,*,#747,.T.);
#747 = EDGE_CURVE('',#738,#748,#750,.T.);
#748 = VERTEX_POINT('',#749);
#749 = CARTESIAN_POINT('',(-0.32,-0.32,2.54));
#750 = LINE('',#751,#752);
#751 = CARTESIAN_POINT('',(-0.16,-0.32,2.54));
#752 = VECTOR('',#753,1.);
#753 = DIRECTION('',(-1.,0.,0.));
#754 = ORIENTED_EDGE('',*,*,#755,.T.);
#755 = EDGE_CURVE('',#748,#756,#758,.T.);
#756 = VERTEX_POINT('',#757);
#757 = CARTESIAN_POINT('',(-0.32,0.32,2.54));
#758 = LINE('',#759,#760);
#759 = CARTESIAN_POINT('',(-0.32,-2.065,2.54));
#760 = VECTOR('',#761,1.);
#761 = DIRECTION('',(0.,1.,0.));
#762 = ORIENTED_EDGE('',*,*,#763,.F.);
#763 = EDGE_CURVE('',#740,#756,#764,.T.);
#764 = LINE('',#765,#766);
#765 = CARTESIAN_POINT('',(-0.16,0.32,2.54));
#766 = VECTOR('',#767,1.);
#767 = DIRECTION('',(-1.,0.,0.));
#768 = FACE_BOUND('',#769,.T.);
#769 = EDGE_LOOP('',(#770,#780,#788,#796));
#770 = ORIENTED_EDGE('',*,*,#771,.F.);
#771 = EDGE_CURVE('',#772,#774,#776,.T.);
#772 = VERTEX_POINT('',#773);
#773 = CARTESIAN_POINT('',(0.32,-2.22,2.54));
#774 = VERTEX_POINT('',#775);
#775 = CARTESIAN_POINT('',(-0.32,-2.22,2.54));
#776 = LINE('',#777,#778);
#777 = CARTESIAN_POINT('',(-0.16,-2.22,2.54));
#778 = VECTOR('',#779,1.);
#779 = DIRECTION('',(-1.,0.,0.));
#780 = ORIENTED_EDGE('',*,*,#781,.F.);
#781 = EDGE_CURVE('',#782,#772,#784,.T.);
#782 = VERTEX_POINT('',#783);
#783 = CARTESIAN_POINT('',(0.32,-2.86,2.54));
#784 = LINE('',#785,#786);
#785 = CARTESIAN_POINT('',(0.32,-3.335,2.54));
#786 = VECTOR('',#787,1.);
#787 = DIRECTION('',(0.,1.,0.));
#788 = ORIENTED_EDGE('',*,*,#789,.T.);
#789 = EDGE_CURVE('',#782,#790,#792,.T.);
#790 = VERTEX_POINT('',#791);
#791 = CARTESIAN_POINT('',(-0.32,-2.86,2.54));
#792 = LINE('',#793,#794);
#793 = CARTESIAN_POINT('',(-0.16,-2.86,2.54));
#794 = VECTOR('',#795,1.);
#795 = DIRECTION('',(-1.,0.,0.));
#796 = ORIENTED_EDGE('',*,*,#797,.T.);
#797 = EDGE_CURVE('',#790,#774,#798,.T.);
#798 = LINE('',#799,#800);
#799 = CARTESIAN_POINT('',(-0.32,-3.335,2.54));
#800 = VECTOR('',#801,1.);
#801 = DIRECTION('',(0.,1.,0.));
#802 = PLANE('',#803);
#803 = AXIS2_PLACEMENT_3D('',#804,#805,#806);
#804 = CARTESIAN_POINT('',(4.259053689278E-17,-3.81,2.54));
#805 = DIRECTION('',(0.,0.,1.));
#806 = DIRECTION('',(1.,0.,-0.));
#807 = ADVANCED_FACE('',(#808),#819,.F.);
#808 = FACE_BOUND('',#809,.F.);
#809 = EDGE_LOOP('',(#810,#816,#817,#818));
#810 = ORIENTED_EDGE('',*,*,#811,.T.);
#811 = EDGE_CURVE('',#324,#653,#812,.T.);
#812 = LINE('',#813,#814);
#813 = CARTESIAN_POINT('',(1.27,1.016,0.));
#814 = VECTOR('',#815,1.);
#815 = DIRECTION('',(0.,0.,1.));
#816 = ORIENTED_EDGE('',*,*,#660,.T.);
#817 = ORIENTED_EDGE('',*,*,#91,.F.);
#818 = ORIENTED_EDGE('',*,*,#331,.F.);
#819 = PLANE('',#820);
#820 = AXIS2_PLACEMENT_3D('',#821,#822,#823);
#821 = CARTESIAN_POINT('',(1.27,1.016,0.));
#822 = DIRECTION('',(-0.707106781187,-0.707106781187,0.));
#823 = DIRECTION('',(-0.707106781187,0.707106781187,0.));
#824 = ADVANCED_FACE('',(#825),#836,.F.);
#825 = FACE_BOUND('',#826,.F.);
#826 = EDGE_LOOP('',(#827,#828,#829,#835));
#827 = ORIENTED_EDGE('',*,*,#131,.T.);
#828 = ORIENTED_EDGE('',*,*,#484,.T.);
#829 = ORIENTED_EDGE('',*,*,#830,.F.);
#830 = EDGE_CURVE('',#156,#485,#831,.T.);
#831 = LINE('',#832,#833);
#832 = CARTESIAN_POINT('',(-1.016,-1.27,0.));
#833 = VECTOR('',#834,1.);
#834 = DIRECTION('',(0.,0.,1.));
#835 = ORIENTED_EDGE('',*,*,#155,.F.);
#836 = PLANE('',#837);
#837 = AXIS2_PLACEMENT_3D('',#838,#839,#840);
#838 = CARTESIAN_POINT('',(-1.27,-1.016,0.));
#839 = DIRECTION('',(0.707106781187,0.707106781187,0.));
#840 = DIRECTION('',(0.707106781187,-0.707106781187,0.));
#841 = ADVANCED_FACE('',(#842),#853,.F.);
#842 = FACE_BOUND('',#843,.F.);
#843 = EDGE_LOOP('',(#844,#850,#851,#852));
#844 = ORIENTED_EDGE('',*,*,#845,.T.);
#845 = EDGE_CURVE('',#316,#645,#846,.T.);
#846 = LINE('',#847,#848);
#847 = CARTESIAN_POINT('',(1.27,-1.016,0.));
#848 = VECTOR('',#849,1.);
#849 = DIRECTION('',(0.,0.,1.));
#850 = ORIENTED_EDGE('',*,*,#652,.T.);
#851 = ORIENTED_EDGE('',*,*,#811,.F.);
#852 = ORIENTED_EDGE('',*,*,#323,.F.);
#853 = PLANE('',#854);
#854 = AXIS2_PLACEMENT_3D('',#855,#856,#857);
#855 = CARTESIAN_POINT('',(1.27,-1.016,0.));
#856 = DIRECTION('',(-1.,0.,0.));
#857 = DIRECTION('',(0.,1.,0.));
#858 = ADVANCED_FACE('',(#859),#870,.F.);
#859 = FACE_BOUND('',#860,.F.);
#860 = EDGE_LOOP('',(#861,#862,#863,#869));
#861 = ORIENTED_EDGE('',*,*,#830,.T.);
#862 = ORIENTED_EDGE('',*,*,#492,.T.);
#863 = ORIENTED_EDGE('',*,*,#864,.F.);
#864 = EDGE_CURVE('',#164,#493,#865,.T.);
#865 = LINE('',#866,#867);
#866 = CARTESIAN_POINT('',(-1.27,-1.524,0.));
#867 = VECTOR('',#868,1.);
#868 = DIRECTION('',(0.,0.,1.));
#869 = ORIENTED_EDGE('',*,*,#163,.F.);
#870 = PLANE('',#871);
#871 = AXIS2_PLACEMENT_3D('',#872,#873,#874);
#872 = CARTESIAN_POINT('',(-1.016,-1.27,0.));
#873 = DIRECTION('',(0.707106781187,-0.707106781187,0.));
#874 = DIRECTION('',(-0.707106781187,-0.707106781187,0.));
#875 = ADVANCED_FACE('',(#876),#887,.F.);
#876 = FACE_BOUND('',#877,.F.);
#877 = EDGE_LOOP('',(#878,#884,#885,#886));
#878 = ORIENTED_EDGE('',*,*,#879,.T.);
#879 = EDGE_CURVE('',#308,#637,#880,.T.);
#880 = LINE('',#881,#882);
#881 = CARTESIAN_POINT('',(1.016,-1.27,0.));
#882 = VECTOR('',#883,1.);
#883 = DIRECTION('',(0.,0.,1.));
#884 = ORIENTED_EDGE('',*,*,#644,.T.);
#885 = ORIENTED_EDGE('',*,*,#845,.F.);
#886 = ORIENTED_EDGE('',*,*,#315,.F.);
#887 = PLANE('',#888);
#888 = AXIS2_PLACEMENT_3D('',#889,#890,#891);
#889 = CARTESIAN_POINT('',(1.016,-1.27,0.));
#890 = DIRECTION('',(-0.707106781187,0.707106781187,0.));
#891 = DIRECTION('',(0.707106781187,0.707106781187,0.));
#892 = ADVANCED_FACE('',(#893),#904,.F.);
#893 = FACE_BOUND('',#894,.F.);
#894 = EDGE_LOOP('',(#895,#896,#897,#903));
#895 = ORIENTED_EDGE('',*,*,#864,.T.);
#896 = ORIENTED_EDGE('',*,*,#500,.T.);
#897 = ORIENTED_EDGE('',*,*,#898,.F.);
#898 = EDGE_CURVE('',#172,#501,#899,.T.);
#899 = LINE('',#900,#901);
#900 = CARTESIAN_POINT('',(-1.27,-3.556,0.));
#901 = VECTOR('',#902,1.);
#902 = DIRECTION('',(0.,0.,1.));
#903 = ORIENTED_EDGE('',*,*,#171,.F.);
#904 = PLANE('',#905);
#905 = AXIS2_PLACEMENT_3D('',#906,#907,#908);
#906 = CARTESIAN_POINT('',(-1.27,-1.524,0.));
#907 = DIRECTION('',(1.,0.,0.));
#908 = DIRECTION('',(0.,-1.,0.));
#909 = ADVANCED_FACE('',(#910),#921,.F.);
#910 = FACE_BOUND('',#911,.F.);
#911 = EDGE_LOOP('',(#912,#918,#919,#920));
#912 = ORIENTED_EDGE('',*,*,#913,.T.);
#913 = EDGE_CURVE('',#300,#629,#914,.T.);
#914 = LINE('',#915,#916);
#915 = CARTESIAN_POINT('',(1.27,-1.524,0.));
#916 = VECTOR('',#917,1.);
#917 = DIRECTION('',(0.,0.,1.));
#918 = ORIENTED_EDGE('',*,*,#636,.T.);
#919 = ORIENTED_EDGE('',*,*,#879,.F.);
#920 = ORIENTED_EDGE('',*,*,#307,.F.);
#921 = PLANE('',#922);
#922 = AXIS2_PLACEMENT_3D('',#923,#924,#925);
#923 = CARTESIAN_POINT('',(1.27,-1.524,0.));
#924 = DIRECTION('',(-0.707106781187,-0.707106781187,0.));
#925 = DIRECTION('',(-0.707106781187,0.707106781187,0.));
#926 = ADVANCED_FACE('',(#927),#938,.F.);
#927 = FACE_BOUND('',#928,.F.);
#928 = EDGE_LOOP('',(#929,#930,#931,#937));
#929 = ORIENTED_EDGE('',*,*,#898,.T.);
#930 = ORIENTED_EDGE('',*,*,#508,.T.);
#931 = ORIENTED_EDGE('',*,*,#932,.F.);
#932 = EDGE_CURVE('',#180,#509,#933,.T.);
#933 = LINE('',#934,#935);
#934 = CARTESIAN_POINT('',(-1.016,-3.81,0.));
#935 = VECTOR('',#936,1.);
#936 = DIRECTION('',(0.,0.,1.));
#937 = ORIENTED_EDGE('',*,*,#179,.F.);
#938 = PLANE('',#939);
#939 = AXIS2_PLACEMENT_3D('',#940,#941,#942);
#940 = CARTESIAN_POINT('',(-1.27,-3.556,0.));
#941 = DIRECTION('',(0.707106781187,0.707106781187,0.));
#942 = DIRECTION('',(0.707106781187,-0.707106781187,0.));
#943 = ADVANCED_FACE('',(#944),#955,.F.);
#944 = FACE_BOUND('',#945,.F.);
#945 = EDGE_LOOP('',(#946,#952,#953,#954));
#946 = ORIENTED_EDGE('',*,*,#947,.T.);
#947 = EDGE_CURVE('',#292,#621,#948,.T.);
#948 = LINE('',#949,#950);
#949 = CARTESIAN_POINT('',(1.27,-3.556,0.));
#950 = VECTOR('',#951,1.);
#951 = DIRECTION('',(0.,0.,1.));
#952 = ORIENTED_EDGE('',*,*,#628,.T.);
#953 = ORIENTED_EDGE('',*,*,#913,.F.);
#954 = ORIENTED_EDGE('',*,*,#299,.F.);
#955 = PLANE('',#956);
#956 = AXIS2_PLACEMENT_3D('',#957,#958,#959);
#957 = CARTESIAN_POINT('',(1.27,-3.556,0.));
#958 = DIRECTION('',(-1.,0.,0.));
#959 = DIRECTION('',(0.,1.,0.));
#960 = ADVANCED_FACE('',(#961),#972,.F.);
#961 = FACE_BOUND('',#962,.F.);
#962 = EDGE_LOOP('',(#963,#964,#965,#971));
#963 = ORIENTED_EDGE('',*,*,#932,.T.);
#964 = ORIENTED_EDGE('',*,*,#516,.T.);
#965 = ORIENTED_EDGE('',*,*,#966,.F.);
#966 = EDGE_CURVE('',#188,#517,#967,.T.);
#967 = LINE('',#968,#969);
#968 = CARTESIAN_POINT('',(-1.27,-4.064,0.));
#969 = VECTOR('',#970,1.);
#970 = DIRECTION('',(0.,0.,1.));
#971 = ORIENTED_EDGE('',*,*,#187,.F.);
#972 = PLANE('',#973);
#973 = AXIS2_PLACEMENT_3D('',#974,#975,#976);
#974 = CARTESIAN_POINT('',(-1.016,-3.81,0.));
#975 = DIRECTION('',(0.707106781187,-0.707106781187,0.));
#976 = DIRECTION('',(-0.707106781187,-0.707106781187,0.));
#977 = ADVANCED_FACE('',(#978),#989,.F.);
#978 = FACE_BOUND('',#979,.F.);
#979 = EDGE_LOOP('',(#980,#986,#987,#988));
#980 = ORIENTED_EDGE('',*,*,#981,.T.);
#981 = EDGE_CURVE('',#284,#613,#982,.T.);
#982 = LINE('',#983,#984);
#983 = CARTESIAN_POINT('',(1.016,-3.81,0.));
#984 = VECTOR('',#985,1.);
#985 = DIRECTION('',(0.,0.,1.));
#986 = ORIENTED_EDGE('',*,*,#620,.T.);
#987 = ORIENTED_EDGE('',*,*,#947,.F.);
#988 = ORIENTED_EDGE('',*,*,#291,.F.);
#989 = PLANE('',#990);
#990 = AXIS2_PLACEMENT_3D('',#991,#992,#993);
#991 = CARTESIAN_POINT('',(1.016,-3.81,0.));
#992 = DIRECTION('',(-0.707106781187,0.707106781187,0.));
#993 = DIRECTION('',(0.707106781187,0.707106781187,0.));
#994 = ADVANCED_FACE('',(#995),#1006,.F.);
#995 = FACE_BOUND('',#996,.F.);
#996 = EDGE_LOOP('',(#997,#998,#999,#1005));
#997 = ORIENTED_EDGE('',*,*,#966,.T.);
#998 = ORIENTED_EDGE('',*,*,#524,.T.);
#999 = ORIENTED_EDGE('',*,*,#1000,.F.);
#1000 = EDGE_CURVE('',#196,#525,#1001,.T.);
#1001 = LINE('',#1002,#1003);
#1002 = CARTESIAN_POINT('',(-1.27,-6.096,0.));
#1003 = VECTOR('',#1004,1.);
#1004 = DIRECTION('',(0.,0.,1.));
#1005 = ORIENTED_EDGE('',*,*,#195,.F.);
#1006 = PLANE('',#1007);
#1007 = AXIS2_PLACEMENT_3D('',#1008,#1009,#1010);
#1008 = CARTESIAN_POINT('',(-1.27,-4.064,0.));
#1009 = DIRECTION('',(1.,0.,0.));
#1010 = DIRECTION('',(0.,-1.,0.));
#1011 = ADVANCED_FACE('',(#1012),#1023,.F.);
#1012 = FACE_BOUND('',#1013,.F.);
#1013 = EDGE_LOOP('',(#1014,#1020,#1021,#1022));
#1014 = ORIENTED_EDGE('',*,*,#1015,.T.);
#1015 = EDGE_CURVE('',#276,#605,#1016,.T.);
#1016 = LINE('',#1017,#1018);
#1017 = CARTESIAN_POINT('',(1.27,-4.064,0.));
#1018 = VECTOR('',#1019,1.);
#1019 = DIRECTION('',(0.,0.,1.));
#1020 = ORIENTED_EDGE('',*,*,#612,.T.);
#1021 = ORIENTED_EDGE('',*,*,#981,.F.);
#1022 = ORIENTED_EDGE('',*,*,#283,.F.);
#1023 = PLANE('',#1024);
#1024 = AXIS2_PLACEMENT_3D('',#1025,#1026,#1027);
#1025 = CARTESIAN_POINT('',(1.27,-4.064,0.));
#1026 = DIRECTION('',(-0.707106781187,-0.707106781187,0.));
#1027 = DIRECTION('',(-0.707106781187,0.707106781187,0.));
#1028 = ADVANCED_FACE('',(#1029),#1040,.F.);
#1029 = FACE_BOUND('',#1030,.F.);
#1030 = EDGE_LOOP('',(#1031,#1032,#1033,#1039));
#1031 = ORIENTED_EDGE('',*,*,#1000,.T.);
#1032 = ORIENTED_EDGE('',*,*,#532,.T.);
#1033 = ORIENTED_EDGE('',*,*,#1034,.F.);
#1034 = EDGE_CURVE('',#204,#533,#1035,.T.);
#1035 = LINE('',#1036,#1037);
#1036 = CARTESIAN_POINT('',(-1.016,-6.35,0.));
#1037 = VECTOR('',#1038,1.);
#1038 = DIRECTION('',(0.,0.,1.));
#1039 = ORIENTED_EDGE('',*,*,#203,.F.);
#1040 = PLANE('',#1041);
#1041 = AXIS2_PLACEMENT_3D('',#1042,#1043,#1044);
#1042 = CARTESIAN_POINT('',(-1.27,-6.096,0.));
#1043 = DIRECTION('',(0.707106781187,0.707106781187,0.));
#1044 = DIRECTION('',(0.707106781187,-0.707106781187,0.));
#1045 = ADVANCED_FACE('',(#1046),#1057,.F.);
#1046 = FACE_BOUND('',#1047,.F.);
#1047 = EDGE_LOOP('',(#1048,#1054,#1055,#1056));
#1048 = ORIENTED_EDGE('',*,*,#1049,.T.);
#1049 = EDGE_CURVE('',#268,#597,#1050,.T.);
#1050 = LINE('',#1051,#1052);
#1051 = CARTESIAN_POINT('',(1.27,-6.096,0.));
#1052 = VECTOR('',#1053,1.);
#1053 = DIRECTION('',(0.,0.,1.));
#1054 = ORIENTED_EDGE('',*,*,#604,.T.);
#1055 = ORIENTED_EDGE('',*,*,#1015,.F.);
#1056 = ORIENTED_EDGE('',*,*,#275,.F.);
#1057 = PLANE('',#1058);
#1058 = AXIS2_PLACEMENT_3D('',#1059,#1060,#1061);
#1059 = CARTESIAN_POINT('',(1.27,-6.096,0.));
#1060 = DIRECTION('',(-1.,0.,0.));
#1061 = DIRECTION('',(0.,1.,0.));
#1062 = ADVANCED_FACE('',(#1063),#1074,.F.);
#1063 = FACE_BOUND('',#1064,.F.);
#1064 = EDGE_LOOP('',(#1065,#1066,#1067,#1073));
#1065 = ORIENTED_EDGE('',*,*,#1034,.T.);
#1066 = ORIENTED_EDGE('',*,*,#540,.T.);
#1067 = ORIENTED_EDGE('',*,*,#1068,.F.);
#1068 = EDGE_CURVE('',#212,#541,#1069,.T.);
#1069 = LINE('',#1070,#1071);
#1070 = CARTESIAN_POINT('',(-1.27,-6.604,0.));
#1071 = VECTOR('',#1072,1.);
#1072 = DIRECTION('',(0.,0.,1.));
#1073 = ORIENTED_EDGE('',*,*,#211,.F.);
#1074 = PLANE('',#1075);
#1075 = AXIS2_PLACEMENT_3D('',#1076,#1077,#1078);
#1076 = CARTESIAN_POINT('',(-1.016,-6.35,0.));
#1077 = DIRECTION('',(0.707106781187,-0.707106781187,0.));
#1078 = DIRECTION('',(-0.707106781187,-0.707106781187,0.));
#1079 = ADVANCED_FACE('',(#1080),#1091,.F.);
#1080 = FACE_BOUND('',#1081,.F.);
#1081 = EDGE_LOOP('',(#1082,#1088,#1089,#1090));
#1082 = ORIENTED_EDGE('',*,*,#1083,.T.);
#1083 = EDGE_CURVE('',#260,#589,#1084,.T.);
#1084 = LINE('',#1085,#1086);
#1085 = CARTESIAN_POINT('',(1.016,-6.35,0.));
#1086 = VECTOR('',#1087,1.);
#1087 = DIRECTION('',(0.,0.,1.));
#1088 = ORIENTED_EDGE('',*,*,#596,.T.);
#1089 = ORIENTED_EDGE('',*,*,#1049,.F.);
#1090 = ORIENTED_EDGE('',*,*,#267,.F.);
#1091 = PLANE('',#1092);
#1092 = AXIS2_PLACEMENT_3D('',#1093,#1094,#1095);
#1093 = CARTESIAN_POINT('',(1.016,-6.35,0.));
#1094 = DIRECTION('',(-0.707106781187,0.707106781187,0.));
#1095 = DIRECTION('',(0.707106781187,0.707106781187,0.));
#1096 = ADVANCED_FACE('',(#1097),#1108,.F.);
#1097 = FACE_BOUND('',#1098,.F.);
#1098 = EDGE_LOOP('',(#1099,#1100,#1101,#1107));
#1099 = ORIENTED_EDGE('',*,*,#1068,.T.);
#1100 = ORIENTED_EDGE('',*,*,#548,.T.);
#1101 = ORIENTED_EDGE('',*,*,#1102,.F.);
#1102 = EDGE_CURVE('',#220,#549,#1103,.T.);
#1103 = LINE('',#1104,#1105);
#1104 = CARTESIAN_POINT('',(-1.27,-8.636,0.));
#1105 = VECTOR('',#1106,1.);
#1106 = DIRECTION('',(0.,0.,1.));
#1107 = ORIENTED_EDGE('',*,*,#219,.F.);
#1108 = PLANE('',#1109);
#1109 = AXIS2_PLACEMENT_3D('',#1110,#1111,#1112);
#1110 = CARTESIAN_POINT('',(-1.27,-6.604,0.));
#1111 = DIRECTION('',(1.,0.,0.));
#1112 = DIRECTION('',(0.,-1.,0.));
#1113 = ADVANCED_FACE('',(#1114),#1125,.F.);
#1114 = FACE_BOUND('',#1115,.F.);
#1115 = EDGE_LOOP('',(#1116,#1122,#1123,#1124));
#1116 = ORIENTED_EDGE('',*,*,#1117,.T.);
#1117 = EDGE_CURVE('',#252,#581,#1118,.T.);
#1118 = LINE('',#1119,#1120);
#1119 = CARTESIAN_POINT('',(1.27,-6.604,0.));
#1120 = VECTOR('',#1121,1.);
#1121 = DIRECTION('',(0.,0.,1.));
#1122 = ORIENTED_EDGE('',*,*,#588,.T.);
#1123 = ORIENTED_EDGE('',*,*,#1083,.F.);
#1124 = ORIENTED_EDGE('',*,*,#259,.F.);
#1125 = PLANE('',#1126);
#1126 = AXIS2_PLACEMENT_3D('',#1127,#1128,#1129);
#1127 = CARTESIAN_POINT('',(1.27,-6.604,0.));
#1128 = DIRECTION('',(-0.707106781187,-0.707106781187,0.));
#1129 = DIRECTION('',(-0.707106781187,0.707106781187,0.));
#1130 = ADVANCED_FACE('',(#1131),#1142,.F.);
#1131 = FACE_BOUND('',#1132,.F.);
#1132 = EDGE_LOOP('',(#1133,#1134,#1135,#1141));
#1133 = ORIENTED_EDGE('',*,*,#1102,.T.);
#1134 = ORIENTED_EDGE('',*,*,#556,.T.);
#1135 = ORIENTED_EDGE('',*,*,#1136,.F.);
#1136 = EDGE_CURVE('',#228,#557,#1137,.T.);
#1137 = LINE('',#1138,#1139);
#1138 = CARTESIAN_POINT('',(-1.016,-8.89,0.));
#1139 = VECTOR('',#1140,1.);
#1140 = DIRECTION('',(0.,0.,1.));
#1141 = ORIENTED_EDGE('',*,*,#227,.F.);
#1142 = PLANE('',#1143);
#1143 = AXIS2_PLACEMENT_3D('',#1144,#1145,#1146);
#1144 = CARTESIAN_POINT('',(-1.27,-8.636,0.));
#1145 = DIRECTION('',(0.707106781187,0.707106781187,0.));
#1146 = DIRECTION('',(0.707106781187,-0.707106781187,0.));
#1147 = ADVANCED_FACE('',(#1148),#1159,.F.);
#1148 = FACE_BOUND('',#1149,.F.);
#1149 = EDGE_LOOP('',(#1150,#1156,#1157,#1158));
#1150 = ORIENTED_EDGE('',*,*,#1151,.T.);
#1151 = EDGE_CURVE('',#244,#573,#1152,.T.);
#1152 = LINE('',#1153,#1154);
#1153 = CARTESIAN_POINT('',(1.27,-8.636,0.));
#1154 = VECTOR('',#1155,1.);
#1155 = DIRECTION('',(0.,0.,1.));
#1156 = ORIENTED_EDGE('',*,*,#580,.T.);
#1157 = ORIENTED_EDGE('',*,*,#1117,.F.);
#1158 = ORIENTED_EDGE('',*,*,#251,.F.);
#1159 = PLANE('',#1160);
#1160 = AXIS2_PLACEMENT_3D('',#1161,#1162,#1163);
#1161 = CARTESIAN_POINT('',(1.27,-8.636,0.));
#1162 = DIRECTION('',(-1.,0.,0.));
#1163 = DIRECTION('',(0.,1.,0.));
#1164 = ADVANCED_FACE('',(#1165),#1176,.F.);
#1165 = FACE_BOUND('',#1166,.F.);
#1166 = EDGE_LOOP('',(#1167,#1168,#1169,#1175));
#1167 = ORIENTED_EDGE('',*,*,#1136,.T.);
#1168 = ORIENTED_EDGE('',*,*,#564,.T.);
#1169 = ORIENTED_EDGE('',*,*,#1170,.F.);
#1170 = EDGE_CURVE('',#236,#565,#1171,.T.);
#1171 = LINE('',#1172,#1173);
#1172 = CARTESIAN_POINT('',(1.016,-8.89,0.));
#1173 = VECTOR('',#1174,1.);
#1174 = DIRECTION('',(0.,0.,1.));
#1175 = ORIENTED_EDGE('',*,*,#235,.F.);
#1176 = PLANE('',#1177);
#1177 = AXIS2_PLACEMENT_3D('',#1178,#1179,#1180);
#1178 = CARTESIAN_POINT('',(-1.016,-8.89,0.));
#1179 = DIRECTION('',(0.,1.,0.));
#1180 = DIRECTION('',(1.,0.,0.));
#1181 = ADVANCED_FACE('',(#1182),#1188,.F.);
#1182 = FACE_BOUND('',#1183,.F.);
#1183 = EDGE_LOOP('',(#1184,#1185,#1186,#1187));
#1184 = ORIENTED_EDGE('',*,*,#1170,.T.);
#1185 = ORIENTED_EDGE('',*,*,#572,.T.);
#1186 = ORIENTED_EDGE('',*,*,#1151,.F.);
#1187 = ORIENTED_EDGE('',*,*,#243,.F.);
#1188 = PLANE('',#1189);
#1189 = AXIS2_PLACEMENT_3D('',#1190,#1191,#1192);
#1190 = CARTESIAN_POINT('',(1.016,-8.89,0.));
#1191 = DIRECTION('',(-0.707106781187,0.707106781187,0.));
#1192 = DIRECTION('',(0.707106781187,0.707106781187,0.));
#1193 = ADVANCED_FACE('',(#1194),#1219,.T.);
#1194 = FACE_BOUND('',#1195,.T.);
#1195 = EDGE_LOOP('',(#1196,#1204,#1212,#1218));
#1196 = ORIENTED_EDGE('',*,*,#1197,.F.);
#1197 = EDGE_CURVE('',#1198,#341,#1200,.T.);
#1198 = VERTEX_POINT('',#1199);
#1199 = CARTESIAN_POINT('',(0.32,-4.76,-2.84));
#1200 = LINE('',#1201,#1202);
#1201 = CARTESIAN_POINT('',(0.32,-4.76,-3.));
#1202 = VECTOR('',#1203,1.);
#1203 = DIRECTION('',(0.,0.,1.));
#1204 = ORIENTED_EDGE('',*,*,#1205,.F.);
#1205 = EDGE_CURVE('',#1206,#1198,#1208,.T.);
#1206 = VERTEX_POINT('',#1207);
#1207 = CARTESIAN_POINT('',(-0.32,-4.76,-2.84));
#1208 = LINE('',#1209,#1210);
#1209 = CARTESIAN_POINT('',(-0.32,-4.76,-2.84));
#1210 = VECTOR('',#1211,1.);
#1211 = DIRECTION('',(1.,0.,0.));
#1212 = ORIENTED_EDGE('',*,*,#1213,.T.);
#1213 = EDGE_CURVE('',#1206,#343,#1214,.T.);
#1214 = LINE('',#1215,#1216);
#1215 = CARTESIAN_POINT('',(-0.32,-4.76,-3.));
#1216 = VECTOR('',#1217,1.);
#1217 = DIRECTION('',(0.,0.,1.));
#1218 = ORIENTED_EDGE('',*,*,#340,.F.);
#1219 = PLANE('',#1220);
#1220 = AXIS2_PLACEMENT_3D('',#1221,#1222,#1223);
#1221 = CARTESIAN_POINT('',(-0.32,-4.76,-3.));
#1222 = DIRECTION('',(0.,1.,0.));
#1223 = DIRECTION('',(0.,-0.,1.));
#1224 = ADVANCED_FACE('',(#1225),#1243,.F.);
#1225 = FACE_BOUND('',#1226,.F.);
#1226 = EDGE_LOOP('',(#1227,#1235,#1241,#1242));
#1227 = ORIENTED_EDGE('',*,*,#1228,.F.);
#1228 = EDGE_CURVE('',#1229,#359,#1231,.T.);
#1229 = VERTEX_POINT('',#1230);
#1230 = CARTESIAN_POINT('',(-0.32,-5.4,-2.84));
#1231 = LINE('',#1232,#1233);
#1232 = CARTESIAN_POINT('',(-0.32,-5.4,-3.));
#1233 = VECTOR('',#1234,1.);
#1234 = DIRECTION('',(0.,0.,1.));
#1235 = ORIENTED_EDGE('',*,*,#1236,.T.);
#1236 = EDGE_CURVE('',#1229,#1206,#1237,.T.);
#1237 = LINE('',#1238,#1239);
#1238 = CARTESIAN_POINT('',(-0.32,-5.4,-2.84));
#1239 = VECTOR('',#1240,1.);
#1240 = DIRECTION('',(0.,1.,0.));
#1241 = ORIENTED_EDGE('',*,*,#1213,.T.);
#1242 = ORIENTED_EDGE('',*,*,#366,.F.);
#1243 = PLANE('',#1244);
#1244 = AXIS2_PLACEMENT_3D('',#1245,#1246,#1247);
#1245 = CARTESIAN_POINT('',(-0.32,-5.4,-3.));
#1246 = DIRECTION('',(1.,0.,0.));
#1247 = DIRECTION('',(0.,0.,1.));
#1248 = ADVANCED_FACE('',(#1249),#1267,.F.);
#1249 = FACE_BOUND('',#1250,.F.);
#1250 = EDGE_LOOP('',(#1251,#1259,#1265,#1266));
#1251 = ORIENTED_EDGE('',*,*,#1252,.F.);
#1252 = EDGE_CURVE('',#1253,#351,#1255,.T.);
#1253 = VERTEX_POINT('',#1254);
#1254 = CARTESIAN_POINT('',(0.32,-5.4,-2.84));
#1255 = LINE('',#1256,#1257);
#1256 = CARTESIAN_POINT('',(0.32,-5.4,-3.));
#1257 = VECTOR('',#1258,1.);
#1258 = DIRECTION('',(0.,0.,1.));
#1259 = ORIENTED_EDGE('',*,*,#1260,.F.);
#1260 = EDGE_CURVE('',#1229,#1253,#1261,.T.);
#1261 = LINE('',#1262,#1263);
#1262 = CARTESIAN_POINT('',(-0.32,-5.4,-2.84));
#1263 = VECTOR('',#1264,1.);
#1264 = DIRECTION('',(1.,0.,0.));
#1265 = ORIENTED_EDGE('',*,*,#1228,.T.);
#1266 = ORIENTED_EDGE('',*,*,#358,.F.);
#1267 = PLANE('',#1268);
#1268 = AXIS2_PLACEMENT_3D('',#1269,#1270,#1271);
#1269 = CARTESIAN_POINT('',(-0.32,-5.4,-3.));
#1270 = DIRECTION('',(0.,1.,0.));
#1271 = DIRECTION('',(0.,-0.,1.));
#1272 = ADVANCED_FACE('',(#1273),#1284,.T.);
#1273 = FACE_BOUND('',#1274,.T.);
#1274 = EDGE_LOOP('',(#1275,#1276,#1282,#1283));
#1275 = ORIENTED_EDGE('',*,*,#1252,.F.);
#1276 = ORIENTED_EDGE('',*,*,#1277,.T.);
#1277 = EDGE_CURVE('',#1253,#1198,#1278,.T.);
#1278 = LINE('',#1279,#1280);
#1279 = CARTESIAN_POINT('',(0.32,-5.4,-2.84));
#1280 = VECTOR('',#1281,1.);
#1281 = DIRECTION('',(0.,1.,0.));
#1282 = ORIENTED_EDGE('',*,*,#1197,.T.);
#1283 = ORIENTED_EDGE('',*,*,#350,.F.);
#1284 = PLANE('',#1285);
#1285 = AXIS2_PLACEMENT_3D('',#1286,#1287,#1288);
#1286 = CARTESIAN_POINT('',(0.32,-5.4,-3.));
#1287 = DIRECTION('',(1.,0.,0.));
#1288 = DIRECTION('',(0.,0.,1.));
#1289 = ADVANCED_FACE('',(#1290),#1315,.T.);
#1290 = FACE_BOUND('',#1291,.T.);
#1291 = EDGE_LOOP('',(#1292,#1300,#1308,#1314));
#1292 = ORIENTED_EDGE('',*,*,#1293,.F.);
#1293 = EDGE_CURVE('',#1294,#375,#1296,.T.);
#1294 = VERTEX_POINT('',#1295);
#1295 = CARTESIAN_POINT('',(0.32,-7.94,-2.84));
#1296 = LINE('',#1297,#1298);
#1297 = CARTESIAN_POINT('',(0.32,-7.94,-3.));
#1298 = VECTOR('',#1299,1.);
#1299 = DIRECTION('',(0.,0.,1.));
#1300 = ORIENTED_EDGE('',*,*,#1301,.T.);
#1301 = EDGE_CURVE('',#1294,#1302,#1304,.T.);
#1302 = VERTEX_POINT('',#1303);
#1303 = CARTESIAN_POINT('',(0.32,-7.3,-2.84));
#1304 = LINE('',#1305,#1306);
#1305 = CARTESIAN_POINT('',(0.32,-7.94,-2.84));
#1306 = VECTOR('',#1307,1.);
#1307 = DIRECTION('',(0.,1.,0.));
#1308 = ORIENTED_EDGE('',*,*,#1309,.T.);
#1309 = EDGE_CURVE('',#1302,#377,#1310,.T.);
#1310 = LINE('',#1311,#1312);
#1311 = CARTESIAN_POINT('',(0.32,-7.3,-3.));
#1312 = VECTOR('',#1313,1.);
#1313 = DIRECTION('',(0.,0.,1.));
#1314 = ORIENTED_EDGE('',*,*,#374,.F.);
#1315 = PLANE('',#1316);
#1316 = AXIS2_PLACEMENT_3D('',#1317,#1318,#1319);
#1317 = CARTESIAN_POINT('',(0.32,-7.94,-3.));
#1318 = DIRECTION('',(1.,0.,0.));
#1319 = DIRECTION('',(0.,0.,1.));
#1320 = ADVANCED_FACE('',(#1321),#1339,.T.);
#1321 = FACE_BOUND('',#1322,.T.);
#1322 = EDGE_LOOP('',(#1323,#1324,#1332,#1338));
#1323 = ORIENTED_EDGE('',*,*,#1309,.F.);
#1324 = ORIENTED_EDGE('',*,*,#1325,.F.);
#1325 = EDGE_CURVE('',#1326,#1302,#1328,.T.);
#1326 = VERTEX_POINT('',#1327);
#1327 = CARTESIAN_POINT('',(-0.32,-7.3,-2.84));
#1328 = LINE('',#1329,#1330);
#1329 = CARTESIAN_POINT('',(-0.32,-7.3,-2.84));
#1330 = VECTOR('',#1331,1.);
#1331 = DIRECTION('',(1.,0.,0.));
#1332 = ORIENTED_EDGE('',*,*,#1333,.T.);
#1333 = EDGE_CURVE('',#1326,#393,#1334,.T.);
#1334 = LINE('',#1335,#1336);
#1335 = CARTESIAN_POINT('',(-0.32,-7.3,-3.));
#1336 = VECTOR('',#1337,1.);
#1337 = DIRECTION('',(0.,0.,1.));
#1338 = ORIENTED_EDGE('',*,*,#400,.F.);
#1339 = PLANE('',#1340);
#1340 = AXIS2_PLACEMENT_3D('',#1341,#1342,#1343);
#1341 = CARTESIAN_POINT('',(-0.32,-7.3,-3.));
#1342 = DIRECTION('',(0.,1.,0.));
#1343 = DIRECTION('',(0.,-0.,1.));
#1344 = ADVANCED_FACE('',(#1345),#1363,.F.);
#1345 = FACE_BOUND('',#1346,.F.);
#1346 = EDGE_LOOP('',(#1347,#1355,#1361,#1362));
#1347 = ORIENTED_EDGE('',*,*,#1348,.F.);
#1348 = EDGE_CURVE('',#1349,#385,#1351,.T.);
#1349 = VERTEX_POINT('',#1350);
#1350 = CARTESIAN_POINT('',(-0.32,-7.94,-2.84));
#1351 = LINE('',#1352,#1353);
#1352 = CARTESIAN_POINT('',(-0.32,-7.94,-3.));
#1353 = VECTOR('',#1354,1.);
#1354 = DIRECTION('',(0.,0.,1.));
#1355 = ORIENTED_EDGE('',*,*,#1356,.T.);
#1356 = EDGE_CURVE('',#1349,#1326,#1357,.T.);
#1357 = LINE('',#1358,#1359);
#1358 = CARTESIAN_POINT('',(-0.32,-7.94,-2.84));
#1359 = VECTOR('',#1360,1.);
#1360 = DIRECTION('',(0.,1.,0.));
#1361 = ORIENTED_EDGE('',*,*,#1333,.T.);
#1362 = ORIENTED_EDGE('',*,*,#392,.F.);
#1363 = PLANE('',#1364);
#1364 = AXIS2_PLACEMENT_3D('',#1365,#1366,#1367);
#1365 = CARTESIAN_POINT('',(-0.32,-7.94,-3.));
#1366 = DIRECTION('',(1.,0.,0.));
#1367 = DIRECTION('',(0.,0.,1.));
#1368 = ADVANCED_FACE('',(#1369),#1380,.F.);
#1369 = FACE_BOUND('',#1370,.F.);
#1370 = EDGE_LOOP('',(#1371,#1372,#1378,#1379));
#1371 = ORIENTED_EDGE('',*,*,#1293,.F.);
#1372 = ORIENTED_EDGE('',*,*,#1373,.F.);
#1373 = EDGE_CURVE('',#1349,#1294,#1374,.T.);
#1374 = LINE('',#1375,#1376);
#1375 = CARTESIAN_POINT('',(-0.32,-7.94,-2.84));
#1376 = VECTOR('',#1377,1.);
#1377 = DIRECTION('',(1.,0.,0.));
#1378 = ORIENTED_EDGE('',*,*,#1348,.T.);
#1379 = ORIENTED_EDGE('',*,*,#384,.F.);
#1380 = PLANE('',#1381);
#1381 = AXIS2_PLACEMENT_3D('',#1382,#1383,#1384);
#1382 = CARTESIAN_POINT('',(-0.32,-7.94,-3.));
#1383 = DIRECTION('',(0.,1.,0.));
#1384 = DIRECTION('',(0.,-0.,1.));
#1385 = ADVANCED_FACE('',(#1386),#1411,.T.);
#1386 = FACE_BOUND('',#1387,.T.);
#1387 = EDGE_LOOP('',(#1388,#1396,#1404,#1410));
#1388 = ORIENTED_EDGE('',*,*,#1389,.F.);
#1389 = EDGE_CURVE('',#1390,#409,#1392,.T.);
#1390 = VERTEX_POINT('',#1391);
#1391 = CARTESIAN_POINT('',(0.32,-0.32,-2.84));
#1392 = LINE('',#1393,#1394);
#1393 = CARTESIAN_POINT('',(0.32,-0.32,-3.));
#1394 = VECTOR('',#1395,1.);
#1395 = DIRECTION('',(0.,0.,1.));
#1396 = ORIENTED_EDGE('',*,*,#1397,.T.);
#1397 = EDGE_CURVE('',#1390,#1398,#1400,.T.);
#1398 = VERTEX_POINT('',#1399);
#1399 = CARTESIAN_POINT('',(0.32,0.32,-2.84));
#1400 = LINE('',#1401,#1402);
#1401 = CARTESIAN_POINT('',(0.32,-0.32,-2.84));
#1402 = VECTOR('',#1403,1.);
#1403 = DIRECTION('',(0.,1.,0.));
#1404 = ORIENTED_EDGE('',*,*,#1405,.T.);
#1405 = EDGE_CURVE('',#1398,#411,#1406,.T.);
#1406 = LINE('',#1407,#1408);
#1407 = CARTESIAN_POINT('',(0.32,0.32,-3.));
#1408 = VECTOR('',#1409,1.);
#1409 = DIRECTION('',(0.,0.,1.));
#1410 = ORIENTED_EDGE('',*,*,#408,.F.);
#1411 = PLANE('',#1412);
#1412 = AXIS2_PLACEMENT_3D('',#1413,#1414,#1415);
#1413 = CARTESIAN_POINT('',(0.32,-0.32,-3.));
#1414 = DIRECTION('',(1.,0.,0.));
#1415 = DIRECTION('',(0.,0.,1.));
#1416 = ADVANCED_FACE('',(#1417),#1435,.T.);
#1417 = FACE_BOUND('',#1418,.T.);
#1418 = EDGE_LOOP('',(#1419,#1420,#1428,#1434));
#1419 = ORIENTED_EDGE('',*,*,#1405,.F.);
#1420 = ORIENTED_EDGE('',*,*,#1421,.F.);
#1421 = EDGE_CURVE('',#1422,#1398,#1424,.T.);
#1422 = VERTEX_POINT('',#1423);
#1423 = CARTESIAN_POINT('',(-0.32,0.32,-2.84));
#1424 = LINE('',#1425,#1426);
#1425 = CARTESIAN_POINT('',(-0.32,0.32,-2.84));
#1426 = VECTOR('',#1427,1.);
#1427 = DIRECTION('',(1.,0.,0.));
#1428 = ORIENTED_EDGE('',*,*,#1429,.T.);
#1429 = EDGE_CURVE('',#1422,#427,#1430,.T.);
#1430 = LINE('',#1431,#1432);
#1431 = CARTESIAN_POINT('',(-0.32,0.32,-3.));
#1432 = VECTOR('',#1433,1.);
#1433 = DIRECTION('',(0.,0.,1.));
#1434 = ORIENTED_EDGE('',*,*,#434,.F.);
#1435 = PLANE('',#1436);
#1436 = AXIS2_PLACEMENT_3D('',#1437,#1438,#1439);
#1437 = CARTESIAN_POINT('',(-0.32,0.32,-3.));
#1438 = DIRECTION('',(0.,1.,0.));
#1439 = DIRECTION('',(0.,-0.,1.));
#1440 = ADVANCED_FACE('',(#1441),#1459,.F.);
#1441 = FACE_BOUND('',#1442,.F.);
#1442 = EDGE_LOOP('',(#1443,#1451,#1457,#1458));
#1443 = ORIENTED_EDGE('',*,*,#1444,.F.);
#1444 = EDGE_CURVE('',#1445,#419,#1447,.T.);
#1445 = VERTEX_POINT('',#1446);
#1446 = CARTESIAN_POINT('',(-0.32,-0.32,-2.84));
#1447 = LINE('',#1448,#1449);
#1448 = CARTESIAN_POINT('',(-0.32,-0.32,-3.));
#1449 = VECTOR('',#1450,1.);
#1450 = DIRECTION('',(0.,0.,1.));
#1451 = ORIENTED_EDGE('',*,*,#1452,.T.);
#1452 = EDGE_CURVE('',#1445,#1422,#1453,.T.);
#1453 = LINE('',#1454,#1455);
#1454 = CARTESIAN_POINT('',(-0.32,-0.32,-2.84));
#1455 = VECTOR('',#1456,1.);
#1456 = DIRECTION('',(0.,1.,0.));
#1457 = ORIENTED_EDGE('',*,*,#1429,.T.);
#1458 = ORIENTED_EDGE('',*,*,#426,.F.);
#1459 = PLANE('',#1460);
#1460 = AXIS2_PLACEMENT_3D('',#1461,#1462,#1463);
#1461 = CARTESIAN_POINT('',(-0.32,-0.32,-3.));
#1462 = DIRECTION('',(1.,0.,0.));
#1463 = DIRECTION('',(0.,0.,1.));
#1464 = ADVANCED_FACE('',(#1465),#1476,.F.);
#1465 = FACE_BOUND('',#1466,.F.);
#1466 = EDGE_LOOP('',(#1467,#1468,#1474,#1475));
#1467 = ORIENTED_EDGE('',*,*,#1389,.F.);
#1468 = ORIENTED_EDGE('',*,*,#1469,.F.);
#1469 = EDGE_CURVE('',#1445,#1390,#1470,.T.);
#1470 = LINE('',#1471,#1472);
#1471 = CARTESIAN_POINT('',(-0.32,-0.32,-2.84));
#1472 = VECTOR('',#1473,1.);
#1473 = DIRECTION('',(1.,0.,0.));
#1474 = ORIENTED_EDGE('',*,*,#1444,.T.);
#1475 = ORIENTED_EDGE('',*,*,#418,.F.);
#1476 = PLANE('',#1477);
#1477 = AXIS2_PLACEMENT_3D('',#1478,#1479,#1480);
#1478 = CARTESIAN_POINT('',(-0.32,-0.32,-3.));
#1479 = DIRECTION('',(0.,1.,0.));
#1480 = DIRECTION('',(0.,-0.,1.));
#1481 = ADVANCED_FACE('',(#1482),#1507,.T.);
#1482 = FACE_BOUND('',#1483,.T.);
#1483 = EDGE_LOOP('',(#1484,#1492,#1500,#1506));
#1484 = ORIENTED_EDGE('',*,*,#1485,.F.);
#1485 = EDGE_CURVE('',#1486,#443,#1488,.T.);
#1486 = VERTEX_POINT('',#1487);
#1487 = CARTESIAN_POINT('',(0.32,-2.22,-2.84));
#1488 = LINE('',#1489,#1490);
#1489 = CARTESIAN_POINT('',(0.32,-2.22,-3.));
#1490 = VECTOR('',#1491,1.);
#1491 = DIRECTION('',(0.,0.,1.));
#1492 = ORIENTED_EDGE('',*,*,#1493,.F.);
#1493 = EDGE_CURVE('',#1494,#1486,#1496,.T.);
#1494 = VERTEX_POINT('',#1495);
#1495 = CARTESIAN_POINT('',(-0.32,-2.22,-2.84));
#1496 = LINE('',#1497,#1498);
#1497 = CARTESIAN_POINT('',(-0.32,-2.22,-2.84));
#1498 = VECTOR('',#1499,1.);
#1499 = DIRECTION('',(1.,0.,0.));
#1500 = ORIENTED_EDGE('',*,*,#1501,.T.);
#1501 = EDGE_CURVE('',#1494,#445,#1502,.T.);
#1502 = LINE('',#1503,#1504);
#1503 = CARTESIAN_POINT('',(-0.32,-2.22,-3.));
#1504 = VECTOR('',#1505,1.);
#1505 = DIRECTION('',(0.,0.,1.));
#1506 = ORIENTED_EDGE('',*,*,#442,.F.);
#1507 = PLANE('',#1508);
#1508 = AXIS2_PLACEMENT_3D('',#1509,#1510,#1511);
#1509 = CARTESIAN_POINT('',(-0.32,-2.22,-3.));
#1510 = DIRECTION('',(0.,1.,0.));
#1511 = DIRECTION('',(0.,-0.,1.));
#1512 = ADVANCED_FACE('',(#1513),#1531,.F.);
#1513 = FACE_BOUND('',#1514,.F.);
#1514 = EDGE_LOOP('',(#1515,#1523,#1529,#1530));
#1515 = ORIENTED_EDGE('',*,*,#1516,.F.);
#1516 = EDGE_CURVE('',#1517,#461,#1519,.T.);
#1517 = VERTEX_POINT('',#1518);
#1518 = CARTESIAN_POINT('',(-0.32,-2.86,-2.84));
#1519 = LINE('',#1520,#1521);
#1520 = CARTESIAN_POINT('',(-0.32,-2.86,-3.));
#1521 = VECTOR('',#1522,1.);
#1522 = DIRECTION('',(0.,0.,1.));
#1523 = ORIENTED_EDGE('',*,*,#1524,.T.);
#1524 = EDGE_CURVE('',#1517,#1494,#1525,.T.);
#1525 = LINE('',#1526,#1527);
#1526 = CARTESIAN_POINT('',(-0.32,-2.86,-2.84));
#1527 = VECTOR('',#1528,1.);
#1528 = DIRECTION('',(0.,1.,0.));
#1529 = ORIENTED_EDGE('',*,*,#1501,.T.);
#1530 = ORIENTED_EDGE('',*,*,#468,.F.);
#1531 = PLANE('',#1532);
#1532 = AXIS2_PLACEMENT_3D('',#1533,#1534,#1535);
#1533 = CARTESIAN_POINT('',(-0.32,-2.86,-3.));
#1534 = DIRECTION('',(1.,0.,0.));
#1535 = DIRECTION('',(0.,0.,1.));
#1536 = ADVANCED_FACE('',(#1537),#1555,.F.);
#1537 = FACE_BOUND('',#1538,.F.);
#1538 = EDGE_LOOP('',(#1539,#1547,#1553,#1554));
#1539 = ORIENTED_EDGE('',*,*,#1540,.F.);
#1540 = EDGE_CURVE('',#1541,#453,#1543,.T.);
#1541 = VERTEX_POINT('',#1542);
#1542 = CARTESIAN_POINT('',(0.32,-2.86,-2.84));
#1543 = LINE('',#1544,#1545);
#1544 = CARTESIAN_POINT('',(0.32,-2.86,-3.));
#1545 = VECTOR('',#1546,1.);
#1546 = DIRECTION('',(0.,0.,1.));
#1547 = ORIENTED_EDGE('',*,*,#1548,.F.);
#1548 = EDGE_CURVE('',#1517,#1541,#1549,.T.);
#1549 = LINE('',#1550,#1551);
#1550 = CARTESIAN_POINT('',(-0.32,-2.86,-2.84));
#1551 = VECTOR('',#1552,1.);
#1552 = DIRECTION('',(1.,0.,0.));
#1553 = ORIENTED_EDGE('',*,*,#1516,.T.);
#1554 = ORIENTED_EDGE('',*,*,#460,.F.);
#1555 = PLANE('',#1556);
#1556 = AXIS2_PLACEMENT_3D('',#1557,#1558,#1559);
#1557 = CARTESIAN_POINT('',(-0.32,-2.86,-3.));
#1558 = DIRECTION('',(0.,1.,0.));
#1559 = DIRECTION('',(0.,-0.,1.));
#1560 = ADVANCED_FACE('',(#1561),#1572,.T.);
#1561 = FACE_BOUND('',#1562,.T.);
#1562 = EDGE_LOOP('',(#1563,#1564,#1570,#1571));
#1563 = ORIENTED_EDGE('',*,*,#1540,.F.);
#1564 = ORIENTED_EDGE('',*,*,#1565,.T.);
#1565 = EDGE_CURVE('',#1541,#1486,#1566,.T.);
#1566 = LINE('',#1567,#1568);
#1567 = CARTESIAN_POINT('',(0.32,-2.86,-2.84));
#1568 = VECTOR('',#1569,1.);
#1569 = DIRECTION('',(0.,1.,0.));
#1570 = ORIENTED_EDGE('',*,*,#1485,.T.);
#1571 = ORIENTED_EDGE('',*,*,#452,.F.);
#1572 = PLANE('',#1573);
#1573 = AXIS2_PLACEMENT_3D('',#1574,#1575,#1576);
#1574 = CARTESIAN_POINT('',(0.32,-2.86,-3.));
#1575 = DIRECTION('',(1.,0.,0.));
#1576 = DIRECTION('',(0.,0.,1.));
#1577 = ADVANCED_FACE('',(#1578),#1603,.T.);
#1578 = FACE_BOUND('',#1579,.T.);
#1579 = EDGE_LOOP('',(#1580,#1588,#1589,#1597));
#1580 = ORIENTED_EDGE('',*,*,#1581,.F.);
#1581 = EDGE_CURVE('',#670,#1582,#1584,.T.);
#1582 = VERTEX_POINT('',#1583);
#1583 = CARTESIAN_POINT('',(0.32,-4.76,8.38));
#1584 = LINE('',#1585,#1586);
#1585 = CARTESIAN_POINT('',(0.32,-4.76,-3.));
#1586 = VECTOR('',#1587,1.);
#1587 = DIRECTION('',(0.,0.,1.));
#1588 = ORIENTED_EDGE('',*,*,#669,.T.);
#1589 = ORIENTED_EDGE('',*,*,#1590,.T.);
#1590 = EDGE_CURVE('',#672,#1591,#1593,.T.);
#1591 = VERTEX_POINT('',#1592);
#1592 = CARTESIAN_POINT('',(-0.32,-4.76,8.38));
#1593 = LINE('',#1594,#1595);
#1594 = CARTESIAN_POINT('',(-0.32,-4.76,-3.));
#1595 = VECTOR('',#1596,1.);
#1596 = DIRECTION('',(0.,0.,1.));
#1597 = ORIENTED_EDGE('',*,*,#1598,.T.);
#1598 = EDGE_CURVE('',#1591,#1582,#1599,.T.);
#1599 = LINE('',#1600,#1601);
#1600 = CARTESIAN_POINT('',(-0.32,-4.76,8.38));
#1601 = VECTOR('',#1602,1.);
#1602 = DIRECTION('',(1.,0.,0.));
#1603 = PLANE('',#1604);
#1604 = AXIS2_PLACEMENT_3D('',#1605,#1606,#1607);
#1605 = CARTESIAN_POINT('',(-0.32,-4.76,-3.));
#1606 = DIRECTION('',(0.,1.,0.));
#1607 = DIRECTION('',(0.,-0.,1.));
#1608 = ADVANCED_FACE('',(#1609),#1627,.F.);
#1609 = FACE_BOUND('',#1610,.F.);
#1610 = EDGE_LOOP('',(#1611,#1619,#1620,#1621));
#1611 = ORIENTED_EDGE('',*,*,#1612,.F.);
#1612 = EDGE_CURVE('',#688,#1613,#1615,.T.);
#1613 = VERTEX_POINT('',#1614);
#1614 = CARTESIAN_POINT('',(-0.32,-5.4,8.38));
#1615 = LINE('',#1616,#1617);
#1616 = CARTESIAN_POINT('',(-0.32,-5.4,-3.));
#1617 = VECTOR('',#1618,1.);
#1618 = DIRECTION('',(0.,0.,1.));
#1619 = ORIENTED_EDGE('',*,*,#695,.T.);
#1620 = ORIENTED_EDGE('',*,*,#1590,.T.);
#1621 = ORIENTED_EDGE('',*,*,#1622,.F.);
#1622 = EDGE_CURVE('',#1613,#1591,#1623,.T.);
#1623 = LINE('',#1624,#1625);
#1624 = CARTESIAN_POINT('',(-0.32,-5.4,8.38));
#1625 = VECTOR('',#1626,1.);
#1626 = DIRECTION('',(0.,1.,0.));
#1627 = PLANE('',#1628);
#1628 = AXIS2_PLACEMENT_3D('',#1629,#1630,#1631);
#1629 = CARTESIAN_POINT('',(-0.32,-5.4,-3.));
#1630 = DIRECTION('',(1.,0.,0.));
#1631 = DIRECTION('',(0.,0.,1.));
#1632 = ADVANCED_FACE('',(#1633),#1651,.F.);
#1633 = FACE_BOUND('',#1634,.F.);
#1634 = EDGE_LOOP('',(#1635,#1643,#1644,#1645));
#1635 = ORIENTED_EDGE('',*,*,#1636,.F.);
#1636 = EDGE_CURVE('',#680,#1637,#1639,.T.);
#1637 = VERTEX_POINT('',#1638);
#1638 = CARTESIAN_POINT('',(0.32,-5.4,8.38));
#1639 = LINE('',#1640,#1641);
#1640 = CARTESIAN_POINT('',(0.32,-5.4,-3.));
#1641 = VECTOR('',#1642,1.);
#1642 = DIRECTION('',(0.,0.,1.));
#1643 = ORIENTED_EDGE('',*,*,#687,.T.);
#1644 = ORIENTED_EDGE('',*,*,#1612,.T.);
#1645 = ORIENTED_EDGE('',*,*,#1646,.T.);
#1646 = EDGE_CURVE('',#1613,#1637,#1647,.T.);
#1647 = LINE('',#1648,#1649);
#1648 = CARTESIAN_POINT('',(-0.32,-5.4,8.38));
#1649 = VECTOR('',#1650,1.);
#1650 = DIRECTION('',(1.,0.,0.));
#1651 = PLANE('',#1652);
#1652 = AXIS2_PLACEMENT_3D('',#1653,#1654,#1655);
#1653 = CARTESIAN_POINT('',(-0.32,-5.4,-3.));
#1654 = DIRECTION('',(0.,1.,0.));
#1655 = DIRECTION('',(0.,-0.,1.));
#1656 = ADVANCED_FACE('',(#1657),#1668,.T.);
#1657 = FACE_BOUND('',#1658,.T.);
#1658 = EDGE_LOOP('',(#1659,#1660,#1661,#1662));
#1659 = ORIENTED_EDGE('',*,*,#1636,.F.);
#1660 = ORIENTED_EDGE('',*,*,#679,.T.);
#1661 = ORIENTED_EDGE('',*,*,#1581,.T.);
#1662 = ORIENTED_EDGE('',*,*,#1663,.F.);
#1663 = EDGE_CURVE('',#1637,#1582,#1664,.T.);
#1664 = LINE('',#1665,#1666);
#1665 = CARTESIAN_POINT('',(0.32,-5.4,8.38));
#1666 = VECTOR('',#1667,1.);
#1667 = DIRECTION('',(0.,1.,0.));
#1668 = PLANE('',#1669);
#1669 = AXIS2_PLACEMENT_3D('',#1670,#1671,#1672);
#1670 = CARTESIAN_POINT('',(0.32,-5.4,-3.));
#1671 = DIRECTION('',(1.,0.,0.));
#1672 = DIRECTION('',(0.,0.,1.));
#1673 = ADVANCED_FACE('',(#1674),#1699,.T.);
#1674 = FACE_BOUND('',#1675,.T.);
#1675 = EDGE_LOOP('',(#1676,#1684,#1685,#1693));
#1676 = ORIENTED_EDGE('',*,*,#1677,.F.);
#1677 = EDGE_CURVE('',#704,#1678,#1680,.T.);
#1678 = VERTEX_POINT('',#1679);
#1679 = CARTESIAN_POINT('',(0.32,-7.94,8.38));
#1680 = LINE('',#1681,#1682);
#1681 = CARTESIAN_POINT('',(0.32,-7.94,-3.));
#1682 = VECTOR('',#1683,1.);
#1683 = DIRECTION('',(0.,0.,1.));
#1684 = ORIENTED_EDGE('',*,*,#703,.T.);
#1685 = ORIENTED_EDGE('',*,*,#1686,.T.);
#1686 = EDGE_CURVE('',#706,#1687,#1689,.T.);
#1687 = VERTEX_POINT('',#1688);
#1688 = CARTESIAN_POINT('',(0.32,-7.3,8.38));
#1689 = LINE('',#1690,#1691);
#1690 = CARTESIAN_POINT('',(0.32,-7.3,-3.));
#1691 = VECTOR('',#1692,1.);
#1692 = DIRECTION('',(0.,0.,1.));
#1693 = ORIENTED_EDGE('',*,*,#1694,.F.);
#1694 = EDGE_CURVE('',#1678,#1687,#1695,.T.);
#1695 = LINE('',#1696,#1697);
#1696 = CARTESIAN_POINT('',(0.32,-7.94,8.38));
#1697 = VECTOR('',#1698,1.);
#1698 = DIRECTION('',(0.,1.,0.));
#1699 = PLANE('',#1700);
#1700 = AXIS2_PLACEMENT_3D('',#1701,#1702,#1703);
#1701 = CARTESIAN_POINT('',(0.32,-7.94,-3.));
#1702 = DIRECTION('',(1.,0.,0.));
#1703 = DIRECTION('',(0.,0.,1.));
#1704 = ADVANCED_FACE('',(#1705),#1723,.T.);
#1705 = FACE_BOUND('',#1706,.T.);
#1706 = EDGE_LOOP('',(#1707,#1708,#1709,#1717));
#1707 = ORIENTED_EDGE('',*,*,#1686,.F.);
#1708 = ORIENTED_EDGE('',*,*,#729,.T.);
#1709 = ORIENTED_EDGE('',*,*,#1710,.T.);
#1710 = EDGE_CURVE('',#722,#1711,#1713,.T.);
#1711 = VERTEX_POINT('',#1712);
#1712 = CARTESIAN_POINT('',(-0.32,-7.3,8.38));
#1713 = LINE('',#1714,#1715);
#1714 = CARTESIAN_POINT('',(-0.32,-7.3,-3.));
#1715 = VECTOR('',#1716,1.);
#1716 = DIRECTION('',(0.,0.,1.));
#1717 = ORIENTED_EDGE('',*,*,#1718,.T.);
#1718 = EDGE_CURVE('',#1711,#1687,#1719,.T.);
#1719 = LINE('',#1720,#1721);
#1720 = CARTESIAN_POINT('',(-0.32,-7.3,8.38));
#1721 = VECTOR('',#1722,1.);
#1722 = DIRECTION('',(1.,0.,0.));
#1723 = PLANE('',#1724);
#1724 = AXIS2_PLACEMENT_3D('',#1725,#1726,#1727);
#1725 = CARTESIAN_POINT('',(-0.32,-7.3,-3.));
#1726 = DIRECTION('',(0.,1.,0.));
#1727 = DIRECTION('',(0.,-0.,1.));
#1728 = ADVANCED_FACE('',(#1729),#1747,.F.);
#1729 = FACE_BOUND('',#1730,.F.);
#1730 = EDGE_LOOP('',(#1731,#1739,#1740,#1741));
#1731 = ORIENTED_EDGE('',*,*,#1732,.F.);
#1732 = EDGE_CURVE('',#714,#1733,#1735,.T.);
#1733 = VERTEX_POINT('',#1734);
#1734 = CARTESIAN_POINT('',(-0.32,-7.94,8.38));
#1735 = LINE('',#1736,#1737);
#1736 = CARTESIAN_POINT('',(-0.32,-7.94,-3.));
#1737 = VECTOR('',#1738,1.);
#1738 = DIRECTION('',(0.,0.,1.));
#1739 = ORIENTED_EDGE('',*,*,#721,.T.);
#1740 = ORIENTED_EDGE('',*,*,#1710,.T.);
#1741 = ORIENTED_EDGE('',*,*,#1742,.F.);
#1742 = EDGE_CURVE('',#1733,#1711,#1743,.T.);
#1743 = LINE('',#1744,#1745);
#1744 = CARTESIAN_POINT('',(-0.32,-7.94,8.38));
#1745 = VECTOR('',#1746,1.);
#1746 = DIRECTION('',(0.,1.,0.));
#1747 = PLANE('',#1748);
#1748 = AXIS2_PLACEMENT_3D('',#1749,#1750,#1751);
#1749 = CARTESIAN_POINT('',(-0.32,-7.94,-3.));
#1750 = DIRECTION('',(1.,0.,0.));
#1751 = DIRECTION('',(0.,0.,1.));
#1752 = ADVANCED_FACE('',(#1753),#1764,.F.);
#1753 = FACE_BOUND('',#1754,.F.);
#1754 = EDGE_LOOP('',(#1755,#1756,#1757,#1758));
#1755 = ORIENTED_EDGE('',*,*,#1677,.F.);
#1756 = ORIENTED_EDGE('',*,*,#713,.T.);
#1757 = ORIENTED_EDGE('',*,*,#1732,.T.);
#1758 = ORIENTED_EDGE('',*,*,#1759,.T.);
#1759 = EDGE_CURVE('',#1733,#1678,#1760,.T.);
#1760 = LINE('',#1761,#1762);
#1761 = CARTESIAN_POINT('',(-0.32,-7.94,8.38));
#1762 = VECTOR('',#1763,1.);
#1763 = DIRECTION('',(1.,0.,0.));
#1764 = PLANE('',#1765);
#1765 = AXIS2_PLACEMENT_3D('',#1766,#1767,#1768);
#1766 = CARTESIAN_POINT('',(-0.32,-7.94,-3.));
#1767 = DIRECTION('',(0.,1.,0.));
#1768 = DIRECTION('',(0.,-0.,1.));
#1769 = ADVANCED_FACE('',(#1770),#1795,.T.);
#1770 = FACE_BOUND('',#1771,.T.);
#1771 = EDGE_LOOP('',(#1772,#1780,#1781,#1789));
#1772 = ORIENTED_EDGE('',*,*,#1773,.F.);
#1773 = EDGE_CURVE('',#738,#1774,#1776,.T.);
#1774 = VERTEX_POINT('',#1775);
#1775 = CARTESIAN_POINT('',(0.32,-0.32,8.38));
#1776 = LINE('',#1777,#1778);
#1777 = CARTESIAN_POINT('',(0.32,-0.32,-3.));
#1778 = VECTOR('',#1779,1.);
#1779 = DIRECTION('',(0.,0.,1.));
#1780 = ORIENTED_EDGE('',*,*,#737,.T.);
#1781 = ORIENTED_EDGE('',*,*,#1782,.T.);
#1782 = EDGE_CURVE('',#740,#1783,#1785,.T.);
#1783 = VERTEX_POINT('',#1784);
#1784 = CARTESIAN_POINT('',(0.32,0.32,8.38));
#1785 = LINE('',#1786,#1787);
#1786 = CARTESIAN_POINT('',(0.32,0.32,-3.));
#1787 = VECTOR('',#1788,1.);
#1788 = DIRECTION('',(0.,0.,1.));
#1789 = ORIENTED_EDGE('',*,*,#1790,.F.);
#1790 = EDGE_CURVE('',#1774,#1783,#1791,.T.);
#1791 = LINE('',#1792,#1793);
#1792 = CARTESIAN_POINT('',(0.32,-0.32,8.38));
#1793 = VECTOR('',#1794,1.);
#1794 = DIRECTION('',(0.,1.,0.));
#1795 = PLANE('',#1796);
#1796 = AXIS2_PLACEMENT_3D('',#1797,#1798,#1799);
#1797 = CARTESIAN_POINT('',(0.32,-0.32,-3.));
#1798 = DIRECTION('',(1.,0.,0.));
#1799 = DIRECTION('',(0.,0.,1.));
#1800 = ADVANCED_FACE('',(#1801),#1819,.T.);
#1801 = FACE_BOUND('',#1802,.T.);
#1802 = EDGE_LOOP('',(#1803,#1804,#1805,#1813));
#1803 = ORIENTED_EDGE('',*,*,#1782,.F.);
#1804 = ORIENTED_EDGE('',*,*,#763,.T.);
#1805 = ORIENTED_EDGE('',*,*,#1806,.T.);
#1806 = EDGE_CURVE('',#756,#1807,#1809,.T.);
#1807 = VERTEX_POINT('',#1808);
#1808 = CARTESIAN_POINT('',(-0.32,0.32,8.38));
#1809 = LINE('',#1810,#1811);
#1810 = CARTESIAN_POINT('',(-0.32,0.32,-3.));
#1811 = VECTOR('',#1812,1.);
#1812 = DIRECTION('',(0.,0.,1.));
#1813 = ORIENTED_EDGE('',*,*,#1814,.T.);
#1814 = EDGE_CURVE('',#1807,#1783,#1815,.T.);
#1815 = LINE('',#1816,#1817);
#1816 = CARTESIAN_POINT('',(-0.32,0.32,8.38));
#1817 = VECTOR('',#1818,1.);
#1818 = DIRECTION('',(1.,0.,0.));
#1819 = PLANE('',#1820);
#1820 = AXIS2_PLACEMENT_3D('',#1821,#1822,#1823);
#1821 = CARTESIAN_POINT('',(-0.32,0.32,-3.));
#1822 = DIRECTION('',(0.,1.,0.));
#1823 = DIRECTION('',(0.,-0.,1.));
#1824 = ADVANCED_FACE('',(#1825),#1843,.F.);
#1825 = FACE_BOUND('',#1826,.F.);
#1826 = EDGE_LOOP('',(#1827,#1835,#1836,#1837));
#1827 = ORIENTED_EDGE('',*,*,#1828,.F.);
#1828 = EDGE_CURVE('',#748,#1829,#1831,.T.);
#1829 = VERTEX_POINT('',#1830);
#1830 = CARTESIAN_POINT('',(-0.32,-0.32,8.38));
#1831 = LINE('',#1832,#1833);
#1832 = CARTESIAN_POINT('',(-0.32,-0.32,-3.));
#1833 = VECTOR('',#1834,1.);
#1834 = DIRECTION('',(0.,0.,1.));
#1835 = ORIENTED_EDGE('',*,*,#755,.T.);
#1836 = ORIENTED_EDGE('',*,*,#1806,.T.);
#1837 = ORIENTED_EDGE('',*,*,#1838,.F.);
#1838 = EDGE_CURVE('',#1829,#1807,#1839,.T.);
#1839 = LINE('',#1840,#1841);
#1840 = CARTESIAN_POINT('',(-0.32,-0.32,8.38));
#1841 = VECTOR('',#1842,1.);
#1842 = DIRECTION('',(0.,1.,0.));
#1843 = PLANE('',#1844);
#1844 = AXIS2_PLACEMENT_3D('',#1845,#1846,#1847);
#1845 = CARTESIAN_POINT('',(-0.32,-0.32,-3.));
#1846 = DIRECTION('',(1.,0.,0.));
#1847 = DIRECTION('',(0.,0.,1.));
#1848 = ADVANCED_FACE('',(#1849),#1860,.F.);
#1849 = FACE_BOUND('',#1850,.F.);
#1850 = EDGE_LOOP('',(#1851,#1852,#1853,#1854));
#1851 = ORIENTED_EDGE('',*,*,#1773,.F.);
#1852 = ORIENTED_EDGE('',*,*,#747,.T.);
#1853 = ORIENTED_EDGE('',*,*,#1828,.T.);
#1854 = ORIENTED_EDGE('',*,*,#1855,.T.);
#1855 = EDGE_CURVE('',#1829,#1774,#1856,.T.);
#1856 = LINE('',#1857,#1858);
#1857 = CARTESIAN_POINT('',(-0.32,-0.32,8.38));
#1858 = VECTOR('',#1859,1.);
#1859 = DIRECTION('',(1.,0.,0.));
#1860 = PLANE('',#1861);
#1861 = AXIS2_PLACEMENT_3D('',#1862,#1863,#1864);
#1862 = CARTESIAN_POINT('',(-0.32,-0.32,-3.));
#1863 = DIRECTION('',(0.,1.,0.));
#1864 = DIRECTION('',(0.,-0.,1.));
#1865 = ADVANCED_FACE('',(#1866),#1891,.T.);
#1866 = FACE_BOUND('',#1867,.T.);
#1867 = EDGE_LOOP('',(#1868,#1876,#1877,#1885));
#1868 = ORIENTED_EDGE('',*,*,#1869,.F.);
#1869 = EDGE_CURVE('',#772,#1870,#1872,.T.);
#1870 = VERTEX_POINT('',#1871);
#1871 = CARTESIAN_POINT('',(0.32,-2.22,8.38));
#1872 = LINE('',#1873,#1874);
#1873 = CARTESIAN_POINT('',(0.32,-2.22,-3.));
#1874 = VECTOR('',#1875,1.);
#1875 = DIRECTION('',(0.,0.,1.));
#1876 = ORIENTED_EDGE('',*,*,#771,.T.);
#1877 = ORIENTED_EDGE('',*,*,#1878,.T.);
#1878 = EDGE_CURVE('',#774,#1879,#1881,.T.);
#1879 = VERTEX_POINT('',#1880);
#1880 = CARTESIAN_POINT('',(-0.32,-2.22,8.38));
#1881 = LINE('',#1882,#1883);
#1882 = CARTESIAN_POINT('',(-0.32,-2.22,-3.));
#1883 = VECTOR('',#1884,1.);
#1884 = DIRECTION('',(0.,0.,1.));
#1885 = ORIENTED_EDGE('',*,*,#1886,.T.);
#1886 = EDGE_CURVE('',#1879,#1870,#1887,.T.);
#1887 = LINE('',#1888,#1889);
#1888 = CARTESIAN_POINT('',(-0.32,-2.22,8.38));
#1889 = VECTOR('',#1890,1.);
#1890 = DIRECTION('',(1.,0.,0.));
#1891 = PLANE('',#1892);
#1892 = AXIS2_PLACEMENT_3D('',#1893,#1894,#1895);
#1893 = CARTESIAN_POINT('',(-0.32,-2.22,-3.));
#1894 = DIRECTION('',(0.,1.,0.));
#1895 = DIRECTION('',(0.,-0.,1.));
#1896 = ADVANCED_FACE('',(#1897),#1915,.F.);
#1897 = FACE_BOUND('',#1898,.F.);
#1898 = EDGE_LOOP('',(#1899,#1907,#1908,#1909));
#1899 = ORIENTED_EDGE('',*,*,#1900,.F.);
#1900 = EDGE_CURVE('',#790,#1901,#1903,.T.);
#1901 = VERTEX_POINT('',#1902);
#1902 = CARTESIAN_POINT('',(-0.32,-2.86,8.38));
#1903 = LINE('',#1904,#1905);
#1904 = CARTESIAN_POINT('',(-0.32,-2.86,-3.));
#1905 = VECTOR('',#1906,1.);
#1906 = DIRECTION('',(0.,0.,1.));
#1907 = ORIENTED_EDGE('',*,*,#797,.T.);
#1908 = ORIENTED_EDGE('',*,*,#1878,.T.);
#1909 = ORIENTED_EDGE('',*,*,#1910,.F.);
#1910 = EDGE_CURVE('',#1901,#1879,#1911,.T.);
#1911 = LINE('',#1912,#1913);
#1912 = CARTESIAN_POINT('',(-0.32,-2.86,8.38));
#1913 = VECTOR('',#1914,1.);
#1914 = DIRECTION('',(0.,1.,0.));
#1915 = PLANE('',#1916);
#1916 = AXIS2_PLACEMENT_3D('',#1917,#1918,#1919);
#1917 = CARTESIAN_POINT('',(-0.32,-2.86,-3.));
#1918 = DIRECTION('',(1.,0.,0.));
#1919 = DIRECTION('',(0.,0.,1.));
#1920 = ADVANCED_FACE('',(#1921),#1939,.F.);
#1921 = FACE_BOUND('',#1922,.F.);
#1922 = EDGE_LOOP('',(#1923,#1931,#1932,#1933));
#1923 = ORIENTED_EDGE('',*,*,#1924,.F.);
#1924 = EDGE_CURVE('',#782,#1925,#1927,.T.);
#1925 = VERTEX_POINT('',#1926);
#1926 = CARTESIAN_POINT('',(0.32,-2.86,8.38));
#1927 = LINE('',#1928,#1929);
#1928 = CARTESIAN_POINT('',(0.32,-2.86,-3.));
#1929 = VECTOR('',#1930,1.);
#1930 = DIRECTION('',(0.,0.,1.));
#1931 = ORIENTED_EDGE('',*,*,#789,.T.);
#1932 = ORIENTED_EDGE('',*,*,#1900,.T.);
#1933 = ORIENTED_EDGE('',*,*,#1934,.T.);
#1934 = EDGE_CURVE('',#1901,#1925,#1935,.T.);
#1935 = LINE('',#1936,#1937);
#1936 = CARTESIAN_POINT('',(-0.32,-2.86,8.38));
#1937 = VECTOR('',#1938,1.);
#1938 = DIRECTION('',(1.,0.,0.));
#1939 = PLANE('',#1940);
#1940 = AXIS2_PLACEMENT_3D('',#1941,#1942,#1943);
#1941 = CARTESIAN_POINT('',(-0.32,-2.86,-3.));
#1942 = DIRECTION('',(0.,1.,0.));
#1943 = DIRECTION('',(0.,-0.,1.));
#1944 = ADVANCED_FACE('',(#1945),#1956,.T.);
#1945 = FACE_BOUND('',#1946,.T.);
#1946 = EDGE_LOOP('',(#1947,#1948,#1949,#1950));
#1947 = ORIENTED_EDGE('',*,*,#1924,.F.);
#1948 = ORIENTED_EDGE('',*,*,#781,.T.);
#1949 = ORIENTED_EDGE('',*,*,#1869,.T.);
#1950 = ORIENTED_EDGE('',*,*,#1951,.F.);
#1951 = EDGE_CURVE('',#1925,#1870,#1952,.T.);
#1952 = LINE('',#1953,#1954);
#1953 = CARTESIAN_POINT('',(0.32,-2.86,8.38));
#1954 = VECTOR('',#1955,1.);
#1955 = DIRECTION('',(0.,1.,0.));
#1956 = PLANE('',#1957);
#1957 = AXIS2_PLACEMENT_3D('',#1958,#1959,#1960);
#1958 = CARTESIAN_POINT('',(0.32,-2.86,-3.));
#1959 = DIRECTION('',(1.,0.,0.));
#1960 = DIRECTION('',(0.,0.,1.));
#1961 = ADVANCED_FACE('',(#1962),#1987,.F.);
#1962 = FACE_BOUND('',#1963,.T.);
#1963 = EDGE_LOOP('',(#1964,#1972,#1973,#1981));
#1964 = ORIENTED_EDGE('',*,*,#1965,.F.);
#1965 = EDGE_CURVE('',#1206,#1966,#1968,.T.);
#1966 = VERTEX_POINT('',#1967);
#1967 = CARTESIAN_POINT('',(-0.16,-4.92,-3.));
#1968 = LINE('',#1969,#1970);
#1969 = CARTESIAN_POINT('',(-0.16,-4.92,-3.));
#1970 = VECTOR('',#1971,1.);
#1971 = DIRECTION('',(0.57735026919,-0.57735026919,-0.57735026919));
#1972 = ORIENTED_EDGE('',*,*,#1205,.T.);
#1973 = ORIENTED_EDGE('',*,*,#1974,.T.);
#1974 = EDGE_CURVE('',#1198,#1975,#1977,.T.);
#1975 = VERTEX_POINT('',#1976);
#1976 = CARTESIAN_POINT('',(0.16,-4.92,-3.));
#1977 = LINE('',#1978,#1979);
#1978 = CARTESIAN_POINT('',(5.333333333333E-02,-5.026666666667,
    -3.106666666667));
#1979 = VECTOR('',#1980,1.);
#1980 = DIRECTION('',(-0.57735026919,-0.57735026919,-0.57735026919));
#1981 = ORIENTED_EDGE('',*,*,#1982,.F.);
#1982 = EDGE_CURVE('',#1966,#1975,#1983,.T.);
#1983 = LINE('',#1984,#1985);
#1984 = CARTESIAN_POINT('',(-0.32,-4.92,-3.));
#1985 = VECTOR('',#1986,1.);
#1986 = DIRECTION('',(1.,0.,0.));
#1987 = PLANE('',#1988);
#1988 = AXIS2_PLACEMENT_3D('',#1989,#1990,#1991);
#1989 = CARTESIAN_POINT('',(-0.32,-4.84,-2.92));
#1990 = DIRECTION('',(-1.735167508357E-18,-0.707106781187,0.707106781187
    ));
#1991 = DIRECTION('',(-1.,1.226948711654E-18,-1.226948711654E-18));
#1992 = ADVANCED_FACE('',(#1993),#2011,.T.);
#1993 = FACE_BOUND('',#1994,.T.);
#1994 = EDGE_LOOP('',(#1995,#2003,#2004,#2005));
#1995 = ORIENTED_EDGE('',*,*,#1996,.F.);
#1996 = EDGE_CURVE('',#1229,#1997,#1999,.T.);
#1997 = VERTEX_POINT('',#1998);
#1998 = CARTESIAN_POINT('',(-0.16,-5.24,-3.));
#1999 = LINE('',#2000,#2001);
#2000 = CARTESIAN_POINT('',(-0.266666666667,-5.346666666667,
    -2.893333333333));
#2001 = VECTOR('',#2002,1.);
#2002 = DIRECTION('',(0.57735026919,0.57735026919,-0.57735026919));
#2003 = ORIENTED_EDGE('',*,*,#1236,.T.);
#2004 = ORIENTED_EDGE('',*,*,#1965,.T.);
#2005 = ORIENTED_EDGE('',*,*,#2006,.F.);
#2006 = EDGE_CURVE('',#1997,#1966,#2007,.T.);
#2007 = LINE('',#2008,#2009);
#2008 = CARTESIAN_POINT('',(-0.16,-5.4,-3.));
#2009 = VECTOR('',#2010,1.);
#2010 = DIRECTION('',(0.,1.,0.));
#2011 = PLANE('',#2012);
#2012 = AXIS2_PLACEMENT_3D('',#2013,#2014,#2015);
#2013 = CARTESIAN_POINT('',(-0.24,-5.4,-2.92));
#2014 = DIRECTION('',(-0.707106781187,-1.735167508357E-18,
    -0.707106781187));
#2015 = DIRECTION('',(-1.226948711654E-18,1.,-1.226948711654E-18));
#2016 = ADVANCED_FACE('',(#2017),#2035,.T.);
#2017 = FACE_BOUND('',#2018,.F.);
#2018 = EDGE_LOOP('',(#2019,#2020,#2021,#2029));
#2019 = ORIENTED_EDGE('',*,*,#1996,.F.);
#2020 = ORIENTED_EDGE('',*,*,#1260,.T.);
#2021 = ORIENTED_EDGE('',*,*,#2022,.T.);
#2022 = EDGE_CURVE('',#1253,#2023,#2025,.T.);
#2023 = VERTEX_POINT('',#2024);
#2024 = CARTESIAN_POINT('',(0.16,-5.24,-3.));
#2025 = LINE('',#2026,#2027);
#2026 = CARTESIAN_POINT('',(0.16,-5.24,-3.));
#2027 = VECTOR('',#2028,1.);
#2028 = DIRECTION('',(-0.57735026919,0.57735026919,-0.57735026919));
#2029 = ORIENTED_EDGE('',*,*,#2030,.F.);
#2030 = EDGE_CURVE('',#1997,#2023,#2031,.T.);
#2031 = LINE('',#2032,#2033);
#2032 = CARTESIAN_POINT('',(-0.32,-5.24,-3.));
#2033 = VECTOR('',#2034,1.);
#2034 = DIRECTION('',(1.,0.,0.));
#2035 = PLANE('',#2036);
#2036 = AXIS2_PLACEMENT_3D('',#2037,#2038,#2039);
#2037 = CARTESIAN_POINT('',(-0.32,-5.32,-2.92));
#2038 = DIRECTION('',(1.735167508357E-18,-0.707106781187,-0.707106781187
    ));
#2039 = DIRECTION('',(-1.,-1.226948711654E-18,-1.226948711654E-18));
#2040 = ADVANCED_FACE('',(#2041),#2052,.F.);
#2041 = FACE_BOUND('',#2042,.F.);
#2042 = EDGE_LOOP('',(#2043,#2044,#2045,#2046));
#2043 = ORIENTED_EDGE('',*,*,#2022,.F.);
#2044 = ORIENTED_EDGE('',*,*,#1277,.T.);
#2045 = ORIENTED_EDGE('',*,*,#1974,.T.);
#2046 = ORIENTED_EDGE('',*,*,#2047,.F.);
#2047 = EDGE_CURVE('',#2023,#1975,#2048,.T.);
#2048 = LINE('',#2049,#2050);
#2049 = CARTESIAN_POINT('',(0.16,-5.4,-3.));
#2050 = VECTOR('',#2051,1.);
#2051 = DIRECTION('',(0.,1.,0.));
#2052 = PLANE('',#2053);
#2053 = AXIS2_PLACEMENT_3D('',#2054,#2055,#2056);
#2054 = CARTESIAN_POINT('',(0.24,-5.4,-2.92));
#2055 = DIRECTION('',(-0.707106781187,1.735167508357E-18,0.707106781187)
  );
#2056 = DIRECTION('',(1.226948711654E-18,1.,-1.226948711654E-18));
#2057 = ADVANCED_FACE('',(#2058),#2083,.F.);
#2058 = FACE_BOUND('',#2059,.F.);
#2059 = EDGE_LOOP('',(#2060,#2068,#2069,#2077));
#2060 = ORIENTED_EDGE('',*,*,#2061,.F.);
#2061 = EDGE_CURVE('',#1294,#2062,#2064,.T.);
#2062 = VERTEX_POINT('',#2063);
#2063 = CARTESIAN_POINT('',(0.16,-7.78,-3.));
#2064 = LINE('',#2065,#2066);
#2065 = CARTESIAN_POINT('',(0.16,-7.78,-3.));
#2066 = VECTOR('',#2067,1.);
#2067 = DIRECTION('',(-0.57735026919,0.57735026919,-0.57735026919));
#2068 = ORIENTED_EDGE('',*,*,#1301,.T.);
#2069 = ORIENTED_EDGE('',*,*,#2070,.T.);
#2070 = EDGE_CURVE('',#1302,#2071,#2073,.T.);
#2071 = VERTEX_POINT('',#2072);
#2072 = CARTESIAN_POINT('',(0.16,-7.46,-3.));
#2073 = LINE('',#2074,#2075);
#2074 = CARTESIAN_POINT('',(5.333333333333E-02,-7.566666666667,
    -3.106666666667));
#2075 = VECTOR('',#2076,1.);
#2076 = DIRECTION('',(-0.57735026919,-0.57735026919,-0.57735026919));
#2077 = ORIENTED_EDGE('',*,*,#2078,.F.);
#2078 = EDGE_CURVE('',#2062,#2071,#2079,.T.);
#2079 = LINE('',#2080,#2081);
#2080 = CARTESIAN_POINT('',(0.16,-7.94,-3.));
#2081 = VECTOR('',#2082,1.);
#2082 = DIRECTION('',(0.,1.,0.));
#2083 = PLANE('',#2084);
#2084 = AXIS2_PLACEMENT_3D('',#2085,#2086,#2087);
#2085 = CARTESIAN_POINT('',(0.24,-7.94,-2.92));
#2086 = DIRECTION('',(-0.707106781187,1.735167508357E-18,0.707106781187)
  );
#2087 = DIRECTION('',(1.226948711654E-18,1.,-1.226948711654E-18));
#2088 = ADVANCED_FACE('',(#2089),#2107,.F.);
#2089 = FACE_BOUND('',#2090,.T.);
#2090 = EDGE_LOOP('',(#2091,#2099,#2100,#2101));
#2091 = ORIENTED_EDGE('',*,*,#2092,.F.);
#2092 = EDGE_CURVE('',#1326,#2093,#2095,.T.);
#2093 = VERTEX_POINT('',#2094);
#2094 = CARTESIAN_POINT('',(-0.16,-7.46,-3.));
#2095 = LINE('',#2096,#2097);
#2096 = CARTESIAN_POINT('',(-0.16,-7.46,-3.));
#2097 = VECTOR('',#2098,1.);
#2098 = DIRECTION('',(0.57735026919,-0.57735026919,-0.57735026919));
#2099 = ORIENTED_EDGE('',*,*,#1325,.T.);
#2100 = ORIENTED_EDGE('',*,*,#2070,.T.);
#2101 = ORIENTED_EDGE('',*,*,#2102,.F.);
#2102 = EDGE_CURVE('',#2093,#2071,#2103,.T.);
#2103 = LINE('',#2104,#2105);
#2104 = CARTESIAN_POINT('',(-0.32,-7.46,-3.));
#2105 = VECTOR('',#2106,1.);
#2106 = DIRECTION('',(1.,0.,0.));
#2107 = PLANE('',#2108);
#2108 = AXIS2_PLACEMENT_3D('',#2109,#2110,#2111);
#2109 = CARTESIAN_POINT('',(-0.32,-7.38,-2.92));
#2110 = DIRECTION('',(-1.735167508357E-18,-0.707106781187,0.707106781187
    ));
#2111 = DIRECTION('',(-1.,1.226948711654E-18,-1.226948711654E-18));
#2112 = ADVANCED_FACE('',(#2113),#2131,.T.);
#2113 = FACE_BOUND('',#2114,.T.);
#2114 = EDGE_LOOP('',(#2115,#2123,#2124,#2125));
#2115 = ORIENTED_EDGE('',*,*,#2116,.F.);
#2116 = EDGE_CURVE('',#1349,#2117,#2119,.T.);
#2117 = VERTEX_POINT('',#2118);
#2118 = CARTESIAN_POINT('',(-0.16,-7.78,-3.));
#2119 = LINE('',#2120,#2121);
#2120 = CARTESIAN_POINT('',(-0.266666666667,-7.886666666667,
    -2.893333333333));
#2121 = VECTOR('',#2122,1.);
#2122 = DIRECTION('',(0.57735026919,0.57735026919,-0.57735026919));
#2123 = ORIENTED_EDGE('',*,*,#1356,.T.);
#2124 = ORIENTED_EDGE('',*,*,#2092,.T.);
#2125 = ORIENTED_EDGE('',*,*,#2126,.F.);
#2126 = EDGE_CURVE('',#2117,#2093,#2127,.T.);
#2127 = LINE('',#2128,#2129);
#2128 = CARTESIAN_POINT('',(-0.16,-7.94,-3.));
#2129 = VECTOR('',#2130,1.);
#2130 = DIRECTION('',(0.,1.,0.));
#2131 = PLANE('',#2132);
#2132 = AXIS2_PLACEMENT_3D('',#2133,#2134,#2135);
#2133 = CARTESIAN_POINT('',(-0.24,-7.94,-2.92));
#2134 = DIRECTION('',(-0.707106781187,-1.735167508357E-18,
    -0.707106781187));
#2135 = DIRECTION('',(-1.226948711654E-18,1.,-1.226948711654E-18));
#2136 = ADVANCED_FACE('',(#2137),#2148,.T.);
#2137 = FACE_BOUND('',#2138,.F.);
#2138 = EDGE_LOOP('',(#2139,#2140,#2141,#2142));
#2139 = ORIENTED_EDGE('',*,*,#2116,.F.);
#2140 = ORIENTED_EDGE('',*,*,#1373,.T.);
#2141 = ORIENTED_EDGE('',*,*,#2061,.T.);
#2142 = ORIENTED_EDGE('',*,*,#2143,.F.);
#2143 = EDGE_CURVE('',#2117,#2062,#2144,.T.);
#2144 = LINE('',#2145,#2146);
#2145 = CARTESIAN_POINT('',(-0.32,-7.78,-3.));
#2146 = VECTOR('',#2147,1.);
#2147 = DIRECTION('',(1.,0.,0.));
#2148 = PLANE('',#2149);
#2149 = AXIS2_PLACEMENT_3D('',#2150,#2151,#2152);
#2150 = CARTESIAN_POINT('',(-0.32,-7.86,-2.92));
#2151 = DIRECTION('',(1.735167508357E-18,-0.707106781187,-0.707106781187
    ));
#2152 = DIRECTION('',(-1.,-1.226948711654E-18,-1.226948711654E-18));
#2153 = ADVANCED_FACE('',(#2154),#2179,.F.);
#2154 = FACE_BOUND('',#2155,.F.);
#2155 = EDGE_LOOP('',(#2156,#2164,#2165,#2173));
#2156 = ORIENTED_EDGE('',*,*,#2157,.F.);
#2157 = EDGE_CURVE('',#1390,#2158,#2160,.T.);
#2158 = VERTEX_POINT('',#2159);
#2159 = CARTESIAN_POINT('',(0.16,-0.16,-3.));
#2160 = LINE('',#2161,#2162);
#2161 = CARTESIAN_POINT('',(0.16,-0.16,-3.));
#2162 = VECTOR('',#2163,1.);
#2163 = DIRECTION('',(-0.57735026919,0.57735026919,-0.57735026919));
#2164 = ORIENTED_EDGE('',*,*,#1397,.T.);
#2165 = ORIENTED_EDGE('',*,*,#2166,.T.);
#2166 = EDGE_CURVE('',#1398,#2167,#2169,.T.);
#2167 = VERTEX_POINT('',#2168);
#2168 = CARTESIAN_POINT('',(0.16,0.16,-3.));
#2169 = LINE('',#2170,#2171);
#2170 = CARTESIAN_POINT('',(5.333333333333E-02,5.333333333333E-02,
    -3.106666666667));
#2171 = VECTOR('',#2172,1.);
#2172 = DIRECTION('',(-0.57735026919,-0.57735026919,-0.57735026919));
#2173 = ORIENTED_EDGE('',*,*,#2174,.F.);
#2174 = EDGE_CURVE('',#2158,#2167,#2175,.T.);
#2175 = LINE('',#2176,#2177);
#2176 = CARTESIAN_POINT('',(0.16,-0.32,-3.));
#2177 = VECTOR('',#2178,1.);
#2178 = DIRECTION('',(0.,1.,0.));
#2179 = PLANE('',#2180);
#2180 = AXIS2_PLACEMENT_3D('',#2181,#2182,#2183);
#2181 = CARTESIAN_POINT('',(0.24,-0.32,-2.92));
#2182 = DIRECTION('',(-0.707106781187,1.735167508357E-18,0.707106781187)
  );
#2183 = DIRECTION('',(1.226948711654E-18,1.,-1.226948711654E-18));
#2184 = ADVANCED_FACE('',(#2185),#2203,.F.);
#2185 = FACE_BOUND('',#2186,.T.);
#2186 = EDGE_LOOP('',(#2187,#2195,#2196,#2197));
#2187 = ORIENTED_EDGE('',*,*,#2188,.F.);
#2188 = EDGE_CURVE('',#1422,#2189,#2191,.T.);
#2189 = VERTEX_POINT('',#2190);
#2190 = CARTESIAN_POINT('',(-0.16,0.16,-3.));
#2191 = LINE('',#2192,#2193);
#2192 = CARTESIAN_POINT('',(-0.16,0.16,-3.));
#2193 = VECTOR('',#2194,1.);
#2194 = DIRECTION('',(0.57735026919,-0.57735026919,-0.57735026919));
#2195 = ORIENTED_EDGE('',*,*,#1421,.T.);
#2196 = ORIENTED_EDGE('',*,*,#2166,.T.);
#2197 = ORIENTED_EDGE('',*,*,#2198,.F.);
#2198 = EDGE_CURVE('',#2189,#2167,#2199,.T.);
#2199 = LINE('',#2200,#2201);
#2200 = CARTESIAN_POINT('',(-0.32,0.16,-3.));
#2201 = VECTOR('',#2202,1.);
#2202 = DIRECTION('',(1.,0.,0.));
#2203 = PLANE('',#2204);
#2204 = AXIS2_PLACEMENT_3D('',#2205,#2206,#2207);
#2205 = CARTESIAN_POINT('',(-0.32,0.24,-2.92));
#2206 = DIRECTION('',(-1.735167508357E-18,-0.707106781187,0.707106781187
    ));
#2207 = DIRECTION('',(-1.,1.226948711654E-18,-1.226948711654E-18));
#2208 = ADVANCED_FACE('',(#2209),#2227,.T.);
#2209 = FACE_BOUND('',#2210,.T.);
#2210 = EDGE_LOOP('',(#2211,#2219,#2220,#2221));
#2211 = ORIENTED_EDGE('',*,*,#2212,.F.);
#2212 = EDGE_CURVE('',#1445,#2213,#2215,.T.);
#2213 = VERTEX_POINT('',#2214);
#2214 = CARTESIAN_POINT('',(-0.16,-0.16,-3.));
#2215 = LINE('',#2216,#2217);
#2216 = CARTESIAN_POINT('',(-0.266666666667,-0.266666666667,
    -2.893333333333));
#2217 = VECTOR('',#2218,1.);
#2218 = DIRECTION('',(0.57735026919,0.57735026919,-0.57735026919));
#2219 = ORIENTED_EDGE('',*,*,#1452,.T.);
#2220 = ORIENTED_EDGE('',*,*,#2188,.T.);
#2221 = ORIENTED_EDGE('',*,*,#2222,.F.);
#2222 = EDGE_CURVE('',#2213,#2189,#2223,.T.);
#2223 = LINE('',#2224,#2225);
#2224 = CARTESIAN_POINT('',(-0.16,-0.32,-3.));
#2225 = VECTOR('',#2226,1.);
#2226 = DIRECTION('',(0.,1.,0.));
#2227 = PLANE('',#2228);
#2228 = AXIS2_PLACEMENT_3D('',#2229,#2230,#2231);
#2229 = CARTESIAN_POINT('',(-0.24,-0.32,-2.92));
#2230 = DIRECTION('',(-0.707106781187,-1.735167508357E-18,
    -0.707106781187));
#2231 = DIRECTION('',(-1.226948711654E-18,1.,-1.226948711654E-18));
#2232 = ADVANCED_FACE('',(#2233),#2244,.T.);
#2233 = FACE_BOUND('',#2234,.F.);
#2234 = EDGE_LOOP('',(#2235,#2236,#2237,#2238));
#2235 = ORIENTED_EDGE('',*,*,#2212,.F.);
#2236 = ORIENTED_EDGE('',*,*,#1469,.T.);
#2237 = ORIENTED_EDGE('',*,*,#2157,.T.);
#2238 = ORIENTED_EDGE('',*,*,#2239,.F.);
#2239 = EDGE_CURVE('',#2213,#2158,#2240,.T.);
#2240 = LINE('',#2241,#2242);
#2241 = CARTESIAN_POINT('',(-0.32,-0.16,-3.));
#2242 = VECTOR('',#2243,1.);
#2243 = DIRECTION('',(1.,0.,0.));
#2244 = PLANE('',#2245);
#2245 = AXIS2_PLACEMENT_3D('',#2246,#2247,#2248);
#2246 = CARTESIAN_POINT('',(-0.32,-0.24,-2.92));
#2247 = DIRECTION('',(1.735167508357E-18,-0.707106781187,-0.707106781187
    ));
#2248 = DIRECTION('',(-1.,-1.226948711654E-18,-1.226948711654E-18));
#2249 = ADVANCED_FACE('',(#2250),#2275,.F.);
#2250 = FACE_BOUND('',#2251,.T.);
#2251 = EDGE_LOOP('',(#2252,#2260,#2261,#2269));
#2252 = ORIENTED_EDGE('',*,*,#2253,.F.);
#2253 = EDGE_CURVE('',#1494,#2254,#2256,.T.);
#2254 = VERTEX_POINT('',#2255);
#2255 = CARTESIAN_POINT('',(-0.16,-2.38,-3.));
#2256 = LINE('',#2257,#2258);
#2257 = CARTESIAN_POINT('',(-0.16,-2.38,-3.));
#2258 = VECTOR('',#2259,1.);
#2259 = DIRECTION('',(0.57735026919,-0.57735026919,-0.57735026919));
#2260 = ORIENTED_EDGE('',*,*,#1493,.T.);
#2261 = ORIENTED_EDGE('',*,*,#2262,.T.);
#2262 = EDGE_CURVE('',#1486,#2263,#2265,.T.);
#2263 = VERTEX_POINT('',#2264);
#2264 = CARTESIAN_POINT('',(0.16,-2.38,-3.));
#2265 = LINE('',#2266,#2267);
#2266 = CARTESIAN_POINT('',(5.333333333333E-02,-2.486666666667,
    -3.106666666667));
#2267 = VECTOR('',#2268,1.);
#2268 = DIRECTION('',(-0.57735026919,-0.57735026919,-0.57735026919));
#2269 = ORIENTED_EDGE('',*,*,#2270,.F.);
#2270 = EDGE_CURVE('',#2254,#2263,#2271,.T.);
#2271 = LINE('',#2272,#2273);
#2272 = CARTESIAN_POINT('',(-0.32,-2.38,-3.));
#2273 = VECTOR('',#2274,1.);
#2274 = DIRECTION('',(1.,0.,0.));
#2275 = PLANE('',#2276);
#2276 = AXIS2_PLACEMENT_3D('',#2277,#2278,#2279);
#2277 = CARTESIAN_POINT('',(-0.32,-2.3,-2.92));
#2278 = DIRECTION('',(-1.735167508357E-18,-0.707106781187,0.707106781187
    ));
#2279 = DIRECTION('',(-1.,1.226948711654E-18,-1.226948711654E-18));
#2280 = ADVANCED_FACE('',(#2281),#2299,.T.);
#2281 = FACE_BOUND('',#2282,.T.);
#2282 = EDGE_LOOP('',(#2283,#2291,#2292,#2293));
#2283 = ORIENTED_EDGE('',*,*,#2284,.F.);
#2284 = EDGE_CURVE('',#1517,#2285,#2287,.T.);
#2285 = VERTEX_POINT('',#2286);
#2286 = CARTESIAN_POINT('',(-0.16,-2.7,-3.));
#2287 = LINE('',#2288,#2289);
#2288 = CARTESIAN_POINT('',(-0.266666666667,-2.806666666667,
    -2.893333333333));
#2289 = VECTOR('',#2290,1.);
#2290 = DIRECTION('',(0.57735026919,0.57735026919,-0.57735026919));
#2291 = ORIENTED_EDGE('',*,*,#1524,.T.);
#2292 = ORIENTED_EDGE('',*,*,#2253,.T.);
#2293 = ORIENTED_EDGE('',*,*,#2294,.F.);
#2294 = EDGE_CURVE('',#2285,#2254,#2295,.T.);
#2295 = LINE('',#2296,#2297);
#2296 = CARTESIAN_POINT('',(-0.16,-2.86,-3.));
#2297 = VECTOR('',#2298,1.);
#2298 = DIRECTION('',(0.,1.,0.));
#2299 = PLANE('',#2300);
#2300 = AXIS2_PLACEMENT_3D('',#2301,#2302,#2303);
#2301 = CARTESIAN_POINT('',(-0.24,-2.86,-2.92));
#2302 = DIRECTION('',(-0.707106781187,-1.735167508357E-18,
    -0.707106781187));
#2303 = DIRECTION('',(-1.226948711654E-18,1.,-1.226948711654E-18));
#2304 = ADVANCED_FACE('',(#2305),#2323,.T.);
#2305 = FACE_BOUND('',#2306,.F.);
#2306 = EDGE_LOOP('',(#2307,#2308,#2309,#2317));
#2307 = ORIENTED_EDGE('',*,*,#2284,.F.);
#2308 = ORIENTED_EDGE('',*,*,#1548,.T.);
#2309 = ORIENTED_EDGE('',*,*,#2310,.T.);
#2310 = EDGE_CURVE('',#1541,#2311,#2313,.T.);
#2311 = VERTEX_POINT('',#2312);
#2312 = CARTESIAN_POINT('',(0.16,-2.7,-3.));
#2313 = LINE('',#2314,#2315);
#2314 = CARTESIAN_POINT('',(0.16,-2.7,-3.));
#2315 = VECTOR('',#2316,1.);
#2316 = DIRECTION('',(-0.57735026919,0.57735026919,-0.57735026919));
#2317 = ORIENTED_EDGE('',*,*,#2318,.F.);
#2318 = EDGE_CURVE('',#2285,#2311,#2319,.T.);
#2319 = LINE('',#2320,#2321);
#2320 = CARTESIAN_POINT('',(-0.32,-2.7,-3.));
#2321 = VECTOR('',#2322,1.);
#2322 = DIRECTION('',(1.,0.,0.));
#2323 = PLANE('',#2324);
#2324 = AXIS2_PLACEMENT_3D('',#2325,#2326,#2327);
#2325 = CARTESIAN_POINT('',(-0.32,-2.78,-2.92));
#2326 = DIRECTION('',(1.735167508357E-18,-0.707106781187,-0.707106781187
    ));
#2327 = DIRECTION('',(-1.,-1.226948711654E-18,-1.226948711654E-18));
#2328 = ADVANCED_FACE('',(#2329),#2340,.F.);
#2329 = FACE_BOUND('',#2330,.F.);
#2330 = EDGE_LOOP('',(#2331,#2332,#2333,#2334));
#2331 = ORIENTED_EDGE('',*,*,#2310,.F.);
#2332 = ORIENTED_EDGE('',*,*,#1565,.T.);
#2333 = ORIENTED_EDGE('',*,*,#2262,.T.);
#2334 = ORIENTED_EDGE('',*,*,#2335,.F.);
#2335 = EDGE_CURVE('',#2311,#2263,#2336,.T.);
#2336 = LINE('',#2337,#2338);
#2337 = CARTESIAN_POINT('',(0.16,-2.86,-3.));
#2338 = VECTOR('',#2339,1.);
#2339 = DIRECTION('',(0.,1.,0.));
#2340 = PLANE('',#2341);
#2341 = AXIS2_PLACEMENT_3D('',#2342,#2343,#2344);
#2342 = CARTESIAN_POINT('',(0.24,-2.86,-2.92));
#2343 = DIRECTION('',(-0.707106781187,1.735167508357E-18,0.707106781187)
  );
#2344 = DIRECTION('',(1.226948711654E-18,1.,-1.226948711654E-18));
#2345 = ADVANCED_FACE('',(#2346),#2371,.T.);
#2346 = FACE_BOUND('',#2347,.F.);
#2347 = EDGE_LOOP('',(#2348,#2356,#2357,#2365));
#2348 = ORIENTED_EDGE('',*,*,#2349,.F.);
#2349 = EDGE_CURVE('',#1591,#2350,#2352,.T.);
#2350 = VERTEX_POINT('',#2351);
#2351 = CARTESIAN_POINT('',(-0.16,-4.92,8.54));
#2352 = LINE('',#2353,#2354);
#2353 = CARTESIAN_POINT('',(-0.16,-4.92,8.54));
#2354 = VECTOR('',#2355,1.);
#2355 = DIRECTION('',(0.57735026919,-0.57735026919,0.57735026919));
#2356 = ORIENTED_EDGE('',*,*,#1598,.T.);
#2357 = ORIENTED_EDGE('',*,*,#2358,.T.);
#2358 = EDGE_CURVE('',#1582,#2359,#2361,.T.);
#2359 = VERTEX_POINT('',#2360);
#2360 = CARTESIAN_POINT('',(0.16,-4.92,8.54));
#2361 = LINE('',#2362,#2363);
#2362 = CARTESIAN_POINT('',(5.333333333333E-02,-5.026666666667,
    8.646666666667));
#2363 = VECTOR('',#2364,1.);
#2364 = DIRECTION('',(-0.57735026919,-0.57735026919,0.57735026919));
#2365 = ORIENTED_EDGE('',*,*,#2366,.F.);
#2366 = EDGE_CURVE('',#2350,#2359,#2367,.T.);
#2367 = LINE('',#2368,#2369);
#2368 = CARTESIAN_POINT('',(-0.32,-4.92,8.54));
#2369 = VECTOR('',#2370,1.);
#2370 = DIRECTION('',(1.,0.,0.));
#2371 = PLANE('',#2372);
#2372 = AXIS2_PLACEMENT_3D('',#2373,#2374,#2375);
#2373 = CARTESIAN_POINT('',(-0.32,-4.84,8.46));
#2374 = DIRECTION('',(1.735167508357E-18,0.707106781187,0.707106781187)
  );
#2375 = DIRECTION('',(-1.,1.226948711654E-18,1.226948711654E-18));
#2376 = ADVANCED_FACE('',(#2377),#2395,.F.);
#2377 = FACE_BOUND('',#2378,.F.);
#2378 = EDGE_LOOP('',(#2379,#2387,#2388,#2389));
#2379 = ORIENTED_EDGE('',*,*,#2380,.F.);
#2380 = EDGE_CURVE('',#1613,#2381,#2383,.T.);
#2381 = VERTEX_POINT('',#2382);
#2382 = CARTESIAN_POINT('',(-0.16,-5.24,8.54));
#2383 = LINE('',#2384,#2385);
#2384 = CARTESIAN_POINT('',(-0.266666666667,-5.346666666667,
    8.433333333333));
#2385 = VECTOR('',#2386,1.);
#2386 = DIRECTION('',(0.57735026919,0.57735026919,0.57735026919));
#2387 = ORIENTED_EDGE('',*,*,#1622,.T.);
#2388 = ORIENTED_EDGE('',*,*,#2349,.T.);
#2389 = ORIENTED_EDGE('',*,*,#2390,.F.);
#2390 = EDGE_CURVE('',#2381,#2350,#2391,.T.);
#2391 = LINE('',#2392,#2393);
#2392 = CARTESIAN_POINT('',(-0.16,-5.4,8.54));
#2393 = VECTOR('',#2394,1.);
#2394 = DIRECTION('',(0.,1.,0.));
#2395 = PLANE('',#2396);
#2396 = AXIS2_PLACEMENT_3D('',#2397,#2398,#2399);
#2397 = CARTESIAN_POINT('',(-0.24,-5.4,8.46));
#2398 = DIRECTION('',(0.707106781187,1.735167508357E-18,-0.707106781187)
  );
#2399 = DIRECTION('',(-1.226948711654E-18,1.,1.226948711654E-18));
#2400 = ADVANCED_FACE('',(#2401),#2419,.F.);
#2401 = FACE_BOUND('',#2402,.T.);
#2402 = EDGE_LOOP('',(#2403,#2404,#2405,#2413));
#2403 = ORIENTED_EDGE('',*,*,#2380,.F.);
#2404 = ORIENTED_EDGE('',*,*,#1646,.T.);
#2405 = ORIENTED_EDGE('',*,*,#2406,.T.);
#2406 = EDGE_CURVE('',#1637,#2407,#2409,.T.);
#2407 = VERTEX_POINT('',#2408);
#2408 = CARTESIAN_POINT('',(0.16,-5.24,8.54));
#2409 = LINE('',#2410,#2411);
#2410 = CARTESIAN_POINT('',(0.16,-5.24,8.54));
#2411 = VECTOR('',#2412,1.);
#2412 = DIRECTION('',(-0.57735026919,0.57735026919,0.57735026919));
#2413 = ORIENTED_EDGE('',*,*,#2414,.F.);
#2414 = EDGE_CURVE('',#2381,#2407,#2415,.T.);
#2415 = LINE('',#2416,#2417);
#2416 = CARTESIAN_POINT('',(-0.32,-5.24,8.54));
#2417 = VECTOR('',#2418,1.);
#2418 = DIRECTION('',(1.,0.,0.));
#2419 = PLANE('',#2420);
#2420 = AXIS2_PLACEMENT_3D('',#2421,#2422,#2423);
#2421 = CARTESIAN_POINT('',(-0.32,-5.32,8.46));
#2422 = DIRECTION('',(-1.735167508357E-18,0.707106781187,-0.707106781187
    ));
#2423 = DIRECTION('',(-1.,-1.226948711654E-18,1.226948711654E-18));
#2424 = ADVANCED_FACE('',(#2425),#2436,.T.);
#2425 = FACE_BOUND('',#2426,.T.);
#2426 = EDGE_LOOP('',(#2427,#2428,#2429,#2430));
#2427 = ORIENTED_EDGE('',*,*,#2406,.F.);
#2428 = ORIENTED_EDGE('',*,*,#1663,.T.);
#2429 = ORIENTED_EDGE('',*,*,#2358,.T.);
#2430 = ORIENTED_EDGE('',*,*,#2431,.F.);
#2431 = EDGE_CURVE('',#2407,#2359,#2432,.T.);
#2432 = LINE('',#2433,#2434);
#2433 = CARTESIAN_POINT('',(0.16,-5.4,8.54));
#2434 = VECTOR('',#2435,1.);
#2435 = DIRECTION('',(0.,1.,0.));
#2436 = PLANE('',#2437);
#2437 = AXIS2_PLACEMENT_3D('',#2438,#2439,#2440);
#2438 = CARTESIAN_POINT('',(0.24,-5.4,8.46));
#2439 = DIRECTION('',(0.707106781187,-1.735167508357E-18,0.707106781187)
  );
#2440 = DIRECTION('',(1.226948711654E-18,1.,1.226948711654E-18));
#2441 = ADVANCED_FACE('',(#2442),#2467,.T.);
#2442 = FACE_BOUND('',#2443,.T.);
#2443 = EDGE_LOOP('',(#2444,#2452,#2453,#2461));
#2444 = ORIENTED_EDGE('',*,*,#2445,.F.);
#2445 = EDGE_CURVE('',#1678,#2446,#2448,.T.);
#2446 = VERTEX_POINT('',#2447);
#2447 = CARTESIAN_POINT('',(0.16,-7.78,8.54));
#2448 = LINE('',#2449,#2450);
#2449 = CARTESIAN_POINT('',(0.16,-7.78,8.54));
#2450 = VECTOR('',#2451,1.);
#2451 = DIRECTION('',(-0.57735026919,0.57735026919,0.57735026919));
#2452 = ORIENTED_EDGE('',*,*,#1694,.T.);
#2453 = ORIENTED_EDGE('',*,*,#2454,.T.);
#2454 = EDGE_CURVE('',#1687,#2455,#2457,.T.);
#2455 = VERTEX_POINT('',#2456);
#2456 = CARTESIAN_POINT('',(0.16,-7.46,8.54));
#2457 = LINE('',#2458,#2459);
#2458 = CARTESIAN_POINT('',(5.333333333333E-02,-7.566666666667,
    8.646666666667));
#2459 = VECTOR('',#2460,1.);
#2460 = DIRECTION('',(-0.57735026919,-0.57735026919,0.57735026919));
#2461 = ORIENTED_EDGE('',*,*,#2462,.F.);
#2462 = EDGE_CURVE('',#2446,#2455,#2463,.T.);
#2463 = LINE('',#2464,#2465);
#2464 = CARTESIAN_POINT('',(0.16,-7.94,8.54));
#2465 = VECTOR('',#2466,1.);
#2466 = DIRECTION('',(0.,1.,0.));
#2467 = PLANE('',#2468);
#2468 = AXIS2_PLACEMENT_3D('',#2469,#2470,#2471);
#2469 = CARTESIAN_POINT('',(0.24,-7.94,8.46));
#2470 = DIRECTION('',(0.707106781187,-1.735167508357E-18,0.707106781187)
  );
#2471 = DIRECTION('',(1.226948711654E-18,1.,1.226948711654E-18));
#2472 = ADVANCED_FACE('',(#2473),#2491,.T.);
#2473 = FACE_BOUND('',#2474,.F.);
#2474 = EDGE_LOOP('',(#2475,#2483,#2484,#2485));
#2475 = ORIENTED_EDGE('',*,*,#2476,.F.);
#2476 = EDGE_CURVE('',#1711,#2477,#2479,.T.);
#2477 = VERTEX_POINT('',#2478);
#2478 = CARTESIAN_POINT('',(-0.16,-7.46,8.54));
#2479 = LINE('',#2480,#2481);
#2480 = CARTESIAN_POINT('',(-0.16,-7.46,8.54));
#2481 = VECTOR('',#2482,1.);
#2482 = DIRECTION('',(0.57735026919,-0.57735026919,0.57735026919));
#2483 = ORIENTED_EDGE('',*,*,#1718,.T.);
#2484 = ORIENTED_EDGE('',*,*,#2454,.T.);
#2485 = ORIENTED_EDGE('',*,*,#2486,.F.);
#2486 = EDGE_CURVE('',#2477,#2455,#2487,.T.);
#2487 = LINE('',#2488,#2489);
#2488 = CARTESIAN_POINT('',(-0.32,-7.46,8.54));
#2489 = VECTOR('',#2490,1.);
#2490 = DIRECTION('',(1.,0.,0.));
#2491 = PLANE('',#2492);
#2492 = AXIS2_PLACEMENT_3D('',#2493,#2494,#2495);
#2493 = CARTESIAN_POINT('',(-0.32,-7.38,8.46));
#2494 = DIRECTION('',(1.735167508357E-18,0.707106781187,0.707106781187)
  );
#2495 = DIRECTION('',(-1.,1.226948711654E-18,1.226948711654E-18));
#2496 = ADVANCED_FACE('',(#2497),#2515,.F.);
#2497 = FACE_BOUND('',#2498,.F.);
#2498 = EDGE_LOOP('',(#2499,#2507,#2508,#2509));
#2499 = ORIENTED_EDGE('',*,*,#2500,.F.);
#2500 = EDGE_CURVE('',#1733,#2501,#2503,.T.);
#2501 = VERTEX_POINT('',#2502);
#2502 = CARTESIAN_POINT('',(-0.16,-7.78,8.54));
#2503 = LINE('',#2504,#2505);
#2504 = CARTESIAN_POINT('',(-0.266666666667,-7.886666666667,
    8.433333333333));
#2505 = VECTOR('',#2506,1.);
#2506 = DIRECTION('',(0.57735026919,0.57735026919,0.57735026919));
#2507 = ORIENTED_EDGE('',*,*,#1742,.T.);
#2508 = ORIENTED_EDGE('',*,*,#2476,.T.);
#2509 = ORIENTED_EDGE('',*,*,#2510,.F.);
#2510 = EDGE_CURVE('',#2501,#2477,#2511,.T.);
#2511 = LINE('',#2512,#2513);
#2512 = CARTESIAN_POINT('',(-0.16,-7.94,8.54));
#2513 = VECTOR('',#2514,1.);
#2514 = DIRECTION('',(0.,1.,0.));
#2515 = PLANE('',#2516);
#2516 = AXIS2_PLACEMENT_3D('',#2517,#2518,#2519);
#2517 = CARTESIAN_POINT('',(-0.24,-7.94,8.46));
#2518 = DIRECTION('',(0.707106781187,1.735167508357E-18,-0.707106781187)
  );
#2519 = DIRECTION('',(-1.226948711654E-18,1.,1.226948711654E-18));
#2520 = ADVANCED_FACE('',(#2521),#2532,.F.);
#2521 = FACE_BOUND('',#2522,.T.);
#2522 = EDGE_LOOP('',(#2523,#2524,#2525,#2526));
#2523 = ORIENTED_EDGE('',*,*,#2500,.F.);
#2524 = ORIENTED_EDGE('',*,*,#1759,.T.);
#2525 = ORIENTED_EDGE('',*,*,#2445,.T.);
#2526 = ORIENTED_EDGE('',*,*,#2527,.F.);
#2527 = EDGE_CURVE('',#2501,#2446,#2528,.T.);
#2528 = LINE('',#2529,#2530);
#2529 = CARTESIAN_POINT('',(-0.32,-7.78,8.54));
#2530 = VECTOR('',#2531,1.);
#2531 = DIRECTION('',(1.,0.,0.));
#2532 = PLANE('',#2533);
#2533 = AXIS2_PLACEMENT_3D('',#2534,#2535,#2536);
#2534 = CARTESIAN_POINT('',(-0.32,-7.86,8.46));
#2535 = DIRECTION('',(-1.735167508357E-18,0.707106781187,-0.707106781187
    ));
#2536 = DIRECTION('',(-1.,-1.226948711654E-18,1.226948711654E-18));
#2537 = ADVANCED_FACE('',(#2538),#2563,.T.);
#2538 = FACE_BOUND('',#2539,.T.);
#2539 = EDGE_LOOP('',(#2540,#2548,#2549,#2557));
#2540 = ORIENTED_EDGE('',*,*,#2541,.F.);
#2541 = EDGE_CURVE('',#1774,#2542,#2544,.T.);
#2542 = VERTEX_POINT('',#2543);
#2543 = CARTESIAN_POINT('',(0.16,-0.16,8.54));
#2544 = LINE('',#2545,#2546);
#2545 = CARTESIAN_POINT('',(0.16,-0.16,8.54));
#2546 = VECTOR('',#2547,1.);
#2547 = DIRECTION('',(-0.57735026919,0.57735026919,0.57735026919));
#2548 = ORIENTED_EDGE('',*,*,#1790,.T.);
#2549 = ORIENTED_EDGE('',*,*,#2550,.T.);
#2550 = EDGE_CURVE('',#1783,#2551,#2553,.T.);
#2551 = VERTEX_POINT('',#2552);
#2552 = CARTESIAN_POINT('',(0.16,0.16,8.54));
#2553 = LINE('',#2554,#2555);
#2554 = CARTESIAN_POINT('',(5.333333333333E-02,5.333333333333E-02,
    8.646666666667));
#2555 = VECTOR('',#2556,1.);
#2556 = DIRECTION('',(-0.57735026919,-0.57735026919,0.57735026919));
#2557 = ORIENTED_EDGE('',*,*,#2558,.F.);
#2558 = EDGE_CURVE('',#2542,#2551,#2559,.T.);
#2559 = LINE('',#2560,#2561);
#2560 = CARTESIAN_POINT('',(0.16,-0.32,8.54));
#2561 = VECTOR('',#2562,1.);
#2562 = DIRECTION('',(0.,1.,0.));
#2563 = PLANE('',#2564);
#2564 = AXIS2_PLACEMENT_3D('',#2565,#2566,#2567);
#2565 = CARTESIAN_POINT('',(0.24,-0.32,8.46));
#2566 = DIRECTION('',(0.707106781187,-1.735167508357E-18,0.707106781187)
  );
#2567 = DIRECTION('',(1.226948711654E-18,1.,1.226948711654E-18));
#2568 = ADVANCED_FACE('',(#2569),#2587,.T.);
#2569 = FACE_BOUND('',#2570,.F.);
#2570 = EDGE_LOOP('',(#2571,#2579,#2580,#2581));
#2571 = ORIENTED_EDGE('',*,*,#2572,.F.);
#2572 = EDGE_CURVE('',#1807,#2573,#2575,.T.);
#2573 = VERTEX_POINT('',#2574);
#2574 = CARTESIAN_POINT('',(-0.16,0.16,8.54));
#2575 = LINE('',#2576,#2577);
#2576 = CARTESIAN_POINT('',(-0.16,0.16,8.54));
#2577 = VECTOR('',#2578,1.);
#2578 = DIRECTION('',(0.57735026919,-0.57735026919,0.57735026919));
#2579 = ORIENTED_EDGE('',*,*,#1814,.T.);
#2580 = ORIENTED_EDGE('',*,*,#2550,.T.);
#2581 = ORIENTED_EDGE('',*,*,#2582,.F.);
#2582 = EDGE_CURVE('',#2573,#2551,#2583,.T.);
#2583 = LINE('',#2584,#2585);
#2584 = CARTESIAN_POINT('',(-0.32,0.16,8.54));
#2585 = VECTOR('',#2586,1.);
#2586 = DIRECTION('',(1.,0.,0.));
#2587 = PLANE('',#2588);
#2588 = AXIS2_PLACEMENT_3D('',#2589,#2590,#2591);
#2589 = CARTESIAN_POINT('',(-0.32,0.24,8.46));
#2590 = DIRECTION('',(1.735167508357E-18,0.707106781187,0.707106781187)
  );
#2591 = DIRECTION('',(-1.,1.226948711654E-18,1.226948711654E-18));
#2592 = ADVANCED_FACE('',(#2593),#2611,.F.);
#2593 = FACE_BOUND('',#2594,.F.);
#2594 = EDGE_LOOP('',(#2595,#2603,#2604,#2605));
#2595 = ORIENTED_EDGE('',*,*,#2596,.F.);
#2596 = EDGE_CURVE('',#1829,#2597,#2599,.T.);
#2597 = VERTEX_POINT('',#2598);
#2598 = CARTESIAN_POINT('',(-0.16,-0.16,8.54));
#2599 = LINE('',#2600,#2601);
#2600 = CARTESIAN_POINT('',(-0.266666666667,-0.266666666667,
    8.433333333333));
#2601 = VECTOR('',#2602,1.);
#2602 = DIRECTION('',(0.57735026919,0.57735026919,0.57735026919));
#2603 = ORIENTED_EDGE('',*,*,#1838,.T.);
#2604 = ORIENTED_EDGE('',*,*,#2572,.T.);
#2605 = ORIENTED_EDGE('',*,*,#2606,.F.);
#2606 = EDGE_CURVE('',#2597,#2573,#2607,.T.);
#2607 = LINE('',#2608,#2609);
#2608 = CARTESIAN_POINT('',(-0.16,-0.32,8.54));
#2609 = VECTOR('',#2610,1.);
#2610 = DIRECTION('',(0.,1.,0.));
#2611 = PLANE('',#2612);
#2612 = AXIS2_PLACEMENT_3D('',#2613,#2614,#2615);
#2613 = CARTESIAN_POINT('',(-0.24,-0.32,8.46));
#2614 = DIRECTION('',(0.707106781187,1.735167508357E-18,-0.707106781187)
  );
#2615 = DIRECTION('',(-1.226948711654E-18,1.,1.226948711654E-18));
#2616 = ADVANCED_FACE('',(#2617),#2628,.F.);
#2617 = FACE_BOUND('',#2618,.T.);
#2618 = EDGE_LOOP('',(#2619,#2620,#2621,#2622));
#2619 = ORIENTED_EDGE('',*,*,#2596,.F.);
#2620 = ORIENTED_EDGE('',*,*,#1855,.T.);
#2621 = ORIENTED_EDGE('',*,*,#2541,.T.);
#2622 = ORIENTED_EDGE('',*,*,#2623,.F.);
#2623 = EDGE_CURVE('',#2597,#2542,#2624,.T.);
#2624 = LINE('',#2625,#2626);
#2625 = CARTESIAN_POINT('',(-0.32,-0.16,8.54));
#2626 = VECTOR('',#2627,1.);
#2627 = DIRECTION('',(1.,0.,0.));
#2628 = PLANE('',#2629);
#2629 = AXIS2_PLACEMENT_3D('',#2630,#2631,#2632);
#2630 = CARTESIAN_POINT('',(-0.32,-0.24,8.46));
#2631 = DIRECTION('',(-1.735167508357E-18,0.707106781187,-0.707106781187
    ));
#2632 = DIRECTION('',(-1.,-1.226948711654E-18,1.226948711654E-18));
#2633 = ADVANCED_FACE('',(#2634),#2659,.T.);
#2634 = FACE_BOUND('',#2635,.F.);
#2635 = EDGE_LOOP('',(#2636,#2644,#2645,#2653));
#2636 = ORIENTED_EDGE('',*,*,#2637,.F.);
#2637 = EDGE_CURVE('',#1879,#2638,#2640,.T.);
#2638 = VERTEX_POINT('',#2639);
#2639 = CARTESIAN_POINT('',(-0.16,-2.38,8.54));
#2640 = LINE('',#2641,#2642);
#2641 = CARTESIAN_POINT('',(-0.16,-2.38,8.54));
#2642 = VECTOR('',#2643,1.);
#2643 = DIRECTION('',(0.57735026919,-0.57735026919,0.57735026919));
#2644 = ORIENTED_EDGE('',*,*,#1886,.T.);
#2645 = ORIENTED_EDGE('',*,*,#2646,.T.);
#2646 = EDGE_CURVE('',#1870,#2647,#2649,.T.);
#2647 = VERTEX_POINT('',#2648);
#2648 = CARTESIAN_POINT('',(0.16,-2.38,8.54));
#2649 = LINE('',#2650,#2651);
#2650 = CARTESIAN_POINT('',(5.333333333333E-02,-2.486666666667,
    8.646666666667));
#2651 = VECTOR('',#2652,1.);
#2652 = DIRECTION('',(-0.57735026919,-0.57735026919,0.57735026919));
#2653 = ORIENTED_EDGE('',*,*,#2654,.F.);
#2654 = EDGE_CURVE('',#2638,#2647,#2655,.T.);
#2655 = LINE('',#2656,#2657);
#2656 = CARTESIAN_POINT('',(-0.32,-2.38,8.54));
#2657 = VECTOR('',#2658,1.);
#2658 = DIRECTION('',(1.,0.,0.));
#2659 = PLANE('',#2660);
#2660 = AXIS2_PLACEMENT_3D('',#2661,#2662,#2663);
#2661 = CARTESIAN_POINT('',(-0.32,-2.3,8.46));
#2662 = DIRECTION('',(1.735167508357E-18,0.707106781187,0.707106781187)
  );
#2663 = DIRECTION('',(-1.,1.226948711654E-18,1.226948711654E-18));
#2664 = ADVANCED_FACE('',(#2665),#2683,.F.);
#2665 = FACE_BOUND('',#2666,.F.);
#2666 = EDGE_LOOP('',(#2667,#2675,#2676,#2677));
#2667 = ORIENTED_EDGE('',*,*,#2668,.F.);
#2668 = EDGE_CURVE('',#1901,#2669,#2671,.T.);
#2669 = VERTEX_POINT('',#2670);
#2670 = CARTESIAN_POINT('',(-0.16,-2.7,8.54));
#2671 = LINE('',#2672,#2673);
#2672 = CARTESIAN_POINT('',(-0.266666666667,-2.806666666667,
    8.433333333333));
#2673 = VECTOR('',#2674,1.);
#2674 = DIRECTION('',(0.57735026919,0.57735026919,0.57735026919));
#2675 = ORIENTED_EDGE('',*,*,#1910,.T.);
#2676 = ORIENTED_EDGE('',*,*,#2637,.T.);
#2677 = ORIENTED_EDGE('',*,*,#2678,.F.);
#2678 = EDGE_CURVE('',#2669,#2638,#2679,.T.);
#2679 = LINE('',#2680,#2681);
#2680 = CARTESIAN_POINT('',(-0.16,-2.86,8.54));
#2681 = VECTOR('',#2682,1.);
#2682 = DIRECTION('',(0.,1.,0.));
#2683 = PLANE('',#2684);
#2684 = AXIS2_PLACEMENT_3D('',#2685,#2686,#2687);
#2685 = CARTESIAN_POINT('',(-0.24,-2.86,8.46));
#2686 = DIRECTION('',(0.707106781187,1.735167508357E-18,-0.707106781187)
  );
#2687 = DIRECTION('',(-1.226948711654E-18,1.,1.226948711654E-18));
#2688 = ADVANCED_FACE('',(#2689),#2707,.F.);
#2689 = FACE_BOUND('',#2690,.T.);
#2690 = EDGE_LOOP('',(#2691,#2692,#2693,#2701));
#2691 = ORIENTED_EDGE('',*,*,#2668,.F.);
#2692 = ORIENTED_EDGE('',*,*,#1934,.T.);
#2693 = ORIENTED_EDGE('',*,*,#2694,.T.);
#2694 = EDGE_CURVE('',#1925,#2695,#2697,.T.);
#2695 = VERTEX_POINT('',#2696);
#2696 = CARTESIAN_POINT('',(0.16,-2.7,8.54));
#2697 = LINE('',#2698,#2699);
#2698 = CARTESIAN_POINT('',(0.16,-2.7,8.54));
#2699 = VECTOR('',#2700,1.);
#2700 = DIRECTION('',(-0.57735026919,0.57735026919,0.57735026919));
#2701 = ORIENTED_EDGE('',*,*,#2702,.F.);
#2702 = EDGE_CURVE('',#2669,#2695,#2703,.T.);
#2703 = LINE('',#2704,#2705);
#2704 = CARTESIAN_POINT('',(-0.32,-2.7,8.54));
#2705 = VECTOR('',#2706,1.);
#2706 = DIRECTION('',(1.,0.,0.));
#2707 = PLANE('',#2708);
#2708 = AXIS2_PLACEMENT_3D('',#2709,#2710,#2711);
#2709 = CARTESIAN_POINT('',(-0.32,-2.78,8.46));
#2710 = DIRECTION('',(-1.735167508357E-18,0.707106781187,-0.707106781187
    ));
#2711 = DIRECTION('',(-1.,-1.226948711654E-18,1.226948711654E-18));
#2712 = ADVANCED_FACE('',(#2713),#2724,.T.);
#2713 = FACE_BOUND('',#2714,.T.);
#2714 = EDGE_LOOP('',(#2715,#2716,#2717,#2718));
#2715 = ORIENTED_EDGE('',*,*,#2694,.F.);
#2716 = ORIENTED_EDGE('',*,*,#1951,.T.);
#2717 = ORIENTED_EDGE('',*,*,#2646,.T.);
#2718 = ORIENTED_EDGE('',*,*,#2719,.F.);
#2719 = EDGE_CURVE('',#2695,#2647,#2720,.T.);
#2720 = LINE('',#2721,#2722);
#2721 = CARTESIAN_POINT('',(0.16,-2.86,8.54));
#2722 = VECTOR('',#2723,1.);
#2723 = DIRECTION('',(0.,1.,0.));
#2724 = PLANE('',#2725);
#2725 = AXIS2_PLACEMENT_3D('',#2726,#2727,#2728);
#2726 = CARTESIAN_POINT('',(0.24,-2.86,8.46));
#2727 = DIRECTION('',(0.707106781187,-1.735167508357E-18,0.707106781187)
  );
#2728 = DIRECTION('',(1.226948711654E-18,1.,1.226948711654E-18));
#2729 = ADVANCED_FACE('',(#2730),#2736,.F.);
#2730 = FACE_BOUND('',#2731,.F.);
#2731 = EDGE_LOOP('',(#2732,#2733,#2734,#2735));
#2732 = ORIENTED_EDGE('',*,*,#2047,.T.);
#2733 = ORIENTED_EDGE('',*,*,#1982,.F.);
#2734 = ORIENTED_EDGE('',*,*,#2006,.F.);
#2735 = ORIENTED_EDGE('',*,*,#2030,.T.);
#2736 = PLANE('',#2737);
#2737 = AXIS2_PLACEMENT_3D('',#2738,#2739,#2740);
#2738 = CARTESIAN_POINT('',(-0.32,-5.4,-3.));
#2739 = DIRECTION('',(0.,0.,1.));
#2740 = DIRECTION('',(1.,0.,-0.));
#2741 = ADVANCED_FACE('',(#2742),#2748,.F.);
#2742 = FACE_BOUND('',#2743,.F.);
#2743 = EDGE_LOOP('',(#2744,#2745,#2746,#2747));
#2744 = ORIENTED_EDGE('',*,*,#2078,.T.);
#2745 = ORIENTED_EDGE('',*,*,#2102,.F.);
#2746 = ORIENTED_EDGE('',*,*,#2126,.F.);
#2747 = ORIENTED_EDGE('',*,*,#2143,.T.);
#2748 = PLANE('',#2749);
#2749 = AXIS2_PLACEMENT_3D('',#2750,#2751,#2752);
#2750 = CARTESIAN_POINT('',(-0.32,-7.94,-3.));
#2751 = DIRECTION('',(0.,0.,1.));
#2752 = DIRECTION('',(1.,0.,-0.));
#2753 = ADVANCED_FACE('',(#2754),#2760,.F.);
#2754 = FACE_BOUND('',#2755,.F.);
#2755 = EDGE_LOOP('',(#2756,#2757,#2758,#2759));
#2756 = ORIENTED_EDGE('',*,*,#2174,.T.);
#2757 = ORIENTED_EDGE('',*,*,#2198,.F.);
#2758 = ORIENTED_EDGE('',*,*,#2222,.F.);
#2759 = ORIENTED_EDGE('',*,*,#2239,.T.);
#2760 = PLANE('',#2761);
#2761 = AXIS2_PLACEMENT_3D('',#2762,#2763,#2764);
#2762 = CARTESIAN_POINT('',(-0.32,-0.32,-3.));
#2763 = DIRECTION('',(0.,0.,1.));
#2764 = DIRECTION('',(1.,0.,-0.));
#2765 = ADVANCED_FACE('',(#2766),#2772,.F.);
#2766 = FACE_BOUND('',#2767,.F.);
#2767 = EDGE_LOOP('',(#2768,#2769,#2770,#2771));
#2768 = ORIENTED_EDGE('',*,*,#2335,.T.);
#2769 = ORIENTED_EDGE('',*,*,#2270,.F.);
#2770 = ORIENTED_EDGE('',*,*,#2294,.F.);
#2771 = ORIENTED_EDGE('',*,*,#2318,.T.);
#2772 = PLANE('',#2773);
#2773 = AXIS2_PLACEMENT_3D('',#2774,#2775,#2776);
#2774 = CARTESIAN_POINT('',(-0.32,-2.86,-3.));
#2775 = DIRECTION('',(0.,0.,1.));
#2776 = DIRECTION('',(1.,0.,-0.));
#2777 = ADVANCED_FACE('',(#2778),#2784,.T.);
#2778 = FACE_BOUND('',#2779,.T.);
#2779 = EDGE_LOOP('',(#2780,#2781,#2782,#2783));
#2780 = ORIENTED_EDGE('',*,*,#2431,.T.);
#2781 = ORIENTED_EDGE('',*,*,#2366,.F.);
#2782 = ORIENTED_EDGE('',*,*,#2390,.F.);
#2783 = ORIENTED_EDGE('',*,*,#2414,.T.);
#2784 = PLANE('',#2785);
#2785 = AXIS2_PLACEMENT_3D('',#2786,#2787,#2788);
#2786 = CARTESIAN_POINT('',(-0.32,-5.4,8.54));
#2787 = DIRECTION('',(0.,0.,1.));
#2788 = DIRECTION('',(1.,0.,-0.));
#2789 = ADVANCED_FACE('',(#2790),#2796,.T.);
#2790 = FACE_BOUND('',#2791,.T.);
#2791 = EDGE_LOOP('',(#2792,#2793,#2794,#2795));
#2792 = ORIENTED_EDGE('',*,*,#2462,.T.);
#2793 = ORIENTED_EDGE('',*,*,#2486,.F.);
#2794 = ORIENTED_EDGE('',*,*,#2510,.F.);
#2795 = ORIENTED_EDGE('',*,*,#2527,.T.);
#2796 = PLANE('',#2797);
#2797 = AXIS2_PLACEMENT_3D('',#2798,#2799,#2800);
#2798 = CARTESIAN_POINT('',(-0.32,-7.94,8.54));
#2799 = DIRECTION('',(0.,0.,1.));
#2800 = DIRECTION('',(1.,0.,-0.));
#2801 = ADVANCED_FACE('',(#2802),#2808,.T.);
#2802 = FACE_BOUND('',#2803,.T.);
#2803 = EDGE_LOOP('',(#2804,#2805,#2806,#2807));
#2804 = ORIENTED_EDGE('',*,*,#2558,.T.);
#2805 = ORIENTED_EDGE('',*,*,#2582,.F.);
#2806 = ORIENTED_EDGE('',*,*,#2606,.F.);
#2807 = ORIENTED_EDGE('',*,*,#2623,.T.);
#2808 = PLANE('',#2809);
#2809 = AXIS2_PLACEMENT_3D('',#2810,#2811,#2812);
#2810 = CARTESIAN_POINT('',(-0.32,-0.32,8.54));
#2811 = DIRECTION('',(0.,0.,1.));
#2812 = DIRECTION('',(1.,0.,-0.));
#2813 = ADVANCED_FACE('',(#2814),#2820,.T.);
#2814 = FACE_BOUND('',#2815,.T.);
#2815 = EDGE_LOOP('',(#2816,#2817,#2818,#2819));
#2816 = ORIENTED_EDGE('',*,*,#2719,.T.);
#2817 = ORIENTED_EDGE('',*,*,#2654,.F.);
#2818 = ORIENTED_EDGE('',*,*,#2678,.F.);
#2819 = ORIENTED_EDGE('',*,*,#2702,.T.);
#2820 = PLANE('',#2821);
#2821 = AXIS2_PLACEMENT_3D('',#2822,#2823,#2824);
#2822 = CARTESIAN_POINT('',(-0.32,-2.86,8.54));
#2823 = DIRECTION('',(0.,0.,1.));
#2824 = DIRECTION('',(1.,0.,-0.));
#2825 = ( GEOMETRIC_REPRESENTATION_CONTEXT(3) 
GLOBAL_UNCERTAINTY_ASSIGNED_CONTEXT((#2829)) 
GLOBAL_UNIT_ASSIGNED_CONTEXT((#2826,#2827,#2828)) REPRESENTATION_CONTEXT
('Context #1','3D Context with UNIT and UNCERTAINTY') );
#2826 = ( LENGTH_UNIT() NAMED_UNIT(*) SI_UNIT(.MILLI.,.METRE.) );
#2827 = ( NAMED_UNIT(*) PLANE_ANGLE_UNIT() SI_UNIT($,.RADIAN.) );
#2828 = ( NAMED_UNIT(*) SI_UNIT($,.STERADIAN.) SOLID_ANGLE_UNIT() );
#2829 = UNCERTAINTY_MEASURE_WITH_UNIT(LENGTH_MEASURE(1.E-07),#2826,
  'distance_accuracy_value','confusion accuracy');
#2830 = CONTEXT_DEPENDENT_SHAPE_REPRESENTATION(#2831,#2833);
#2831 = ( REPRESENTATION_RELATIONSHIP('','',#44,#10) 
REPRESENTATION_RELATIONSHIP_WITH_TRANSFORMATION(#2832) 
SHAPE_REPRESENTATION_RELATIONSHIP() );
#2832 = ITEM_DEFINED_TRANSFORMATION('','',#11,#15);
#2833 = PRODUCT_DEFINITION_SHAPE('Placement','Placement of an item',
  #2834);
#2834 = NEXT_ASSEMBLY_USAGE_OCCURRENCE('1','J9','',#5,#39,$);
#2835 = PRODUCT_RELATED_PRODUCT_CATEGORY('part',$,(#41));
#2836 = CONTEXT_DEPENDENT_SHAPE_REPRESENTATION(#2837,#2839);
#2837 = ( REPRESENTATION_RELATIONSHIP('','',#44,#10) 
REPRESENTATION_RELATIONSHIP_WITH_TRANSFORMATION(#2838) 
SHAPE_REPRESENTATION_RELATIONSHIP() );
#2838 = ITEM_DEFINED_TRANSFORMATION('','',#11,#19);
#2839 = PRODUCT_DEFINITION_SHAPE('Placement','Placement of an item',
  #2840);
#2840 = NEXT_ASSEMBLY_USAGE_OCCURRENCE('2','J8','',#5,#39,$);
#2841 = CONTEXT_DEPENDENT_SHAPE_REPRESENTATION(#2842,#2844);
#2842 = ( REPRESENTATION_RELATIONSHIP('','',#44,#10) 
REPRESENTATION_RELATIONSHIP_WITH_TRANSFORMATION(#2843) 
SHAPE_REPRESENTATION_RELATIONSHIP() );
#2843 = ITEM_DEFINED_TRANSFORMATION('','',#11,#23);
#2844 = PRODUCT_DEFINITION_SHAPE('Placement','Placement of an item',
  #2845);
#2845 = NEXT_ASSEMBLY_USAGE_OCCURRENCE('3','J7','',#5,#39,$);
#2846 = SHAPE_DEFINITION_REPRESENTATION(#2847,#2853);
#2847 = PRODUCT_DEFINITION_SHAPE('','',#2848);
#2848 = PRODUCT_DEFINITION('design','',#2849,#2852);
#2849 = PRODUCT_DEFINITION_FORMATION('','',#2850);
#2850 = PRODUCT('Trackball_PCB','Trackball_PCB','',(#2851));
#2851 = PRODUCT_CONTEXT('',#2,'mechanical');
#2852 = PRODUCT_DEFINITION_CONTEXT('part definition',#2,'design');
#2853 = ADVANCED_BREP_SHAPE_REPRESENTATION('',(#11,#2854),#5291);
#2854 = MANIFOLD_SOLID_BREP('',#2855);
#2855 = CLOSED_SHELL('',(#2856,#2898,#2929,#2960,#3567,#4174,#4191,#4208
    ,#4225,#4242,#4259,#4276,#4293,#4310,#4327,#4344,#4361,#4378,#4395,
    #4412,#4429,#4446,#4463,#4480,#4497,#4514,#4531,#4548,#4565,#4582,
    #4599,#4616,#4633,#4650,#4667,#4684,#4701,#4718,#4735,#4752,#4769,
    #4786,#4803,#4820,#4837,#4854,#4871,#4888,#4905,#4922,#4939,#4956,
    #4973,#4990,#5007,#5024,#5041,#5053,#5070,#5087,#5104,#5121,#5138,
    #5155,#5172,#5189,#5206,#5223,#5240,#5257,#5274));
#2856 = ADVANCED_FACE('',(#2857),#2893,.T.);
#2857 = FACE_BOUND('',#2858,.T.);
#2858 = EDGE_LOOP('',(#2859,#2869,#2878,#2886));
#2859 = ORIENTED_EDGE('',*,*,#2860,.T.);
#2860 = EDGE_CURVE('',#2861,#2863,#2865,.T.);
#2861 = VERTEX_POINT('',#2862);
#2862 = CARTESIAN_POINT('',(53.175,-50.1,0.));
#2863 = VERTEX_POINT('',#2864);
#2864 = CARTESIAN_POINT('',(53.175,-50.1,1.51));
#2865 = LINE('',#2866,#2867);
#2866 = CARTESIAN_POINT('',(53.175,-50.1,0.));
#2867 = VECTOR('',#2868,1.);
#2868 = DIRECTION('',(0.,0.,1.));
#2869 = ORIENTED_EDGE('',*,*,#2870,.T.);
#2870 = EDGE_CURVE('',#2863,#2871,#2873,.T.);
#2871 = VERTEX_POINT('',#2872);
#2872 = CARTESIAN_POINT('',(53.675,-50.6,1.51));
#2873 = CIRCLE('',#2874,0.500001333575);
#2874 = AXIS2_PLACEMENT_3D('',#2875,#2876,#2877);
#2875 = CARTESIAN_POINT('',(53.174998666427,-50.60000133357,1.51));
#2876 = DIRECTION('',(0.,0.,-1.));
#2877 = DIRECTION('',(2.667139162621E-06,0.999999999996,0.));
#2878 = ORIENTED_EDGE('',*,*,#2879,.F.);
#2879 = EDGE_CURVE('',#2880,#2871,#2882,.T.);
#2880 = VERTEX_POINT('',#2881);
#2881 = CARTESIAN_POINT('',(53.675,-50.6,0.));
#2882 = LINE('',#2883,#2884);
#2883 = CARTESIAN_POINT('',(53.675,-50.6,0.));
#2884 = VECTOR('',#2885,1.);
#2885 = DIRECTION('',(0.,0.,1.));
#2886 = ORIENTED_EDGE('',*,*,#2887,.F.);
#2887 = EDGE_CURVE('',#2861,#2880,#2888,.T.);
#2888 = CIRCLE('',#2889,0.500001333575);
#2889 = AXIS2_PLACEMENT_3D('',#2890,#2891,#2892);
#2890 = CARTESIAN_POINT('',(53.174998666427,-50.60000133357,0.));
#2891 = DIRECTION('',(0.,0.,-1.));
#2892 = DIRECTION('',(2.667139162621E-06,0.999999999996,0.));
#2893 = CYLINDRICAL_SURFACE('',#2894,0.500001333575);
#2894 = AXIS2_PLACEMENT_3D('',#2895,#2896,#2897);
#2895 = CARTESIAN_POINT('',(53.174998666427,-50.60000133357,0.));
#2896 = DIRECTION('',(0.,0.,-1.));
#2897 = DIRECTION('',(2.667139162621E-06,0.999999999996,0.));
#2898 = ADVANCED_FACE('',(#2899),#2924,.T.);
#2899 = FACE_BOUND('',#2900,.T.);
#2900 = EDGE_LOOP('',(#2901,#2911,#2917,#2918));
#2901 = ORIENTED_EDGE('',*,*,#2902,.T.);
#2902 = EDGE_CURVE('',#2903,#2905,#2907,.T.);
#2903 = VERTEX_POINT('',#2904);
#2904 = CARTESIAN_POINT('',(37.4,-50.1,0.));
#2905 = VERTEX_POINT('',#2906);
#2906 = CARTESIAN_POINT('',(37.4,-50.1,1.51));
#2907 = LINE('',#2908,#2909);
#2908 = CARTESIAN_POINT('',(37.4,-50.1,0.));
#2909 = VECTOR('',#2910,1.);
#2910 = DIRECTION('',(0.,0.,1.));
#2911 = ORIENTED_EDGE('',*,*,#2912,.T.);
#2912 = EDGE_CURVE('',#2905,#2863,#2913,.T.);
#2913 = LINE('',#2914,#2915);
#2914 = CARTESIAN_POINT('',(37.4,-50.1,1.51));
#2915 = VECTOR('',#2916,1.);
#2916 = DIRECTION('',(1.,0.,0.));
#2917 = ORIENTED_EDGE('',*,*,#2860,.F.);
#2918 = ORIENTED_EDGE('',*,*,#2919,.F.);
#2919 = EDGE_CURVE('',#2903,#2861,#2920,.T.);
#2920 = LINE('',#2921,#2922);
#2921 = CARTESIAN_POINT('',(37.4,-50.1,0.));
#2922 = VECTOR('',#2923,1.);
#2923 = DIRECTION('',(1.,0.,0.));
#2924 = PLANE('',#2925);
#2925 = AXIS2_PLACEMENT_3D('',#2926,#2927,#2928);
#2926 = CARTESIAN_POINT('',(37.4,-50.1,0.));
#2927 = DIRECTION('',(0.,1.,0.));
#2928 = DIRECTION('',(1.,0.,0.));
#2929 = ADVANCED_FACE('',(#2930),#2955,.T.);
#2930 = FACE_BOUND('',#2931,.T.);
#2931 = EDGE_LOOP('',(#2932,#2933,#2941,#2949));
#2932 = ORIENTED_EDGE('',*,*,#2879,.T.);
#2933 = ORIENTED_EDGE('',*,*,#2934,.T.);
#2934 = EDGE_CURVE('',#2871,#2935,#2937,.T.);
#2935 = VERTEX_POINT('',#2936);
#2936 = CARTESIAN_POINT('',(53.675,-51.1,1.51));
#2937 = LINE('',#2938,#2939);
#2938 = CARTESIAN_POINT('',(53.675,-50.6,1.51));
#2939 = VECTOR('',#2940,1.);
#2940 = DIRECTION('',(0.,-1.,0.));
#2941 = ORIENTED_EDGE('',*,*,#2942,.F.);
#2942 = EDGE_CURVE('',#2943,#2935,#2945,.T.);
#2943 = VERTEX_POINT('',#2944);
#2944 = CARTESIAN_POINT('',(53.675,-51.1,0.));
#2945 = LINE('',#2946,#2947);
#2946 = CARTESIAN_POINT('',(53.675,-51.1,0.));
#2947 = VECTOR('',#2948,1.);
#2948 = DIRECTION('',(0.,0.,1.));
#2949 = ORIENTED_EDGE('',*,*,#2950,.F.);
#2950 = EDGE_CURVE('',#2880,#2943,#2951,.T.);
#2951 = LINE('',#2952,#2953);
#2952 = CARTESIAN_POINT('',(53.675,-50.6,0.));
#2953 = VECTOR('',#2954,1.);
#2954 = DIRECTION('',(0.,-1.,0.));
#2955 = PLANE('',#2956);
#2956 = AXIS2_PLACEMENT_3D('',#2957,#2958,#2959);
#2957 = CARTESIAN_POINT('',(53.675,-50.6,0.));
#2958 = DIRECTION('',(1.,0.,-0.));
#2959 = DIRECTION('',(0.,-1.,0.));
#2960 = ADVANCED_FACE('',(#2961,#3408,#3419,#3430,#3441,#3452,#3463,
    #3474,#3485,#3496,#3507,#3518,#3529,#3540,#3551),#3562,.F.);
#2961 = FACE_BOUND('',#2962,.F.);
#2962 = EDGE_LOOP('',(#2963,#2964,#2965,#2974,#2982,#2991,#2999,#3008,
    #3016,#3025,#3033,#3041,#3050,#3058,#3066,#3075,#3083,#3092,#3101,
    #3110,#3119,#3128,#3137,#3145,#3154,#3162,#3171,#3179,#3188,#3196,
    #3205,#3213,#3222,#3230,#3239,#3247,#3256,#3264,#3273,#3281,#3290,
    #3298,#3307,#3315,#3324,#3332,#3341,#3349,#3358,#3366,#3375,#3383,
    #3392,#3400,#3407));
#2963 = ORIENTED_EDGE('',*,*,#2887,.F.);
#2964 = ORIENTED_EDGE('',*,*,#2919,.F.);
#2965 = ORIENTED_EDGE('',*,*,#2966,.F.);
#2966 = EDGE_CURVE('',#2967,#2903,#2969,.T.);
#2967 = VERTEX_POINT('',#2968);
#2968 = CARTESIAN_POINT('',(36.9,-50.6,0.));
#2969 = CIRCLE('',#2970,0.500001333575);
#2970 = AXIS2_PLACEMENT_3D('',#2971,#2972,#2973);
#2971 = CARTESIAN_POINT('',(37.400001333573,-50.60000133357,0.));
#2972 = DIRECTION('',(0.,0.,-1.));
#2973 = DIRECTION('',(-0.999999999996,2.667139205253E-06,0.));
#2974 = ORIENTED_EDGE('',*,*,#2975,.F.);
#2975 = EDGE_CURVE('',#2976,#2967,#2978,.T.);
#2976 = VERTEX_POINT('',#2977);
#2977 = CARTESIAN_POINT('',(36.9,-51.1,0.));
#2978 = LINE('',#2979,#2980);
#2979 = CARTESIAN_POINT('',(36.9,-51.1,0.));
#2980 = VECTOR('',#2981,1.);
#2981 = DIRECTION('',(0.,1.,0.));
#2982 = ORIENTED_EDGE('',*,*,#2983,.F.);
#2983 = EDGE_CURVE('',#2984,#2976,#2986,.T.);
#2984 = VERTEX_POINT('',#2985);
#2985 = CARTESIAN_POINT('',(37.4,-51.6,0.));
#2986 = CIRCLE('',#2987,0.500001333575);
#2987 = AXIS2_PLACEMENT_3D('',#2988,#2989,#2990);
#2988 = CARTESIAN_POINT('',(37.400001333573,-51.09999866642,0.));
#2989 = DIRECTION('',(0.,0.,-1.));
#2990 = DIRECTION('',(-2.667139205253E-06,-0.999999999996,-0.));
#2991 = ORIENTED_EDGE('',*,*,#2992,.F.);
#2992 = EDGE_CURVE('',#2993,#2984,#2995,.T.);
#2993 = VERTEX_POINT('',#2994);
#2994 = CARTESIAN_POINT('',(38.4,-51.6,0.));
#2995 = LINE('',#2996,#2997);
#2996 = CARTESIAN_POINT('',(38.4,-51.6,0.));
#2997 = VECTOR('',#2998,1.);
#2998 = DIRECTION('',(-1.,0.,0.));
#2999 = ORIENTED_EDGE('',*,*,#3000,.F.);
#3000 = EDGE_CURVE('',#3001,#2993,#3003,.T.);
#3001 = VERTEX_POINT('',#3002);
#3002 = CARTESIAN_POINT('',(38.4,-53.6,0.));
#3003 = CIRCLE('',#3004,1.);
#3004 = AXIS2_PLACEMENT_3D('',#3005,#3006,#3007);
#3005 = CARTESIAN_POINT('',(38.4,-52.6,0.));
#3006 = DIRECTION('',(0.,0.,1.));
#3007 = DIRECTION('',(-0.,-1.,0.));
#3008 = ORIENTED_EDGE('',*,*,#3009,.F.);
#3009 = EDGE_CURVE('',#3010,#3001,#3012,.T.);
#3010 = VERTEX_POINT('',#3011);
#3011 = CARTESIAN_POINT('',(37.4,-53.6,0.));
#3012 = LINE('',#3013,#3014);
#3013 = CARTESIAN_POINT('',(37.4,-53.6,0.));
#3014 = VECTOR('',#3015,1.);
#3015 = DIRECTION('',(1.,0.,0.));
#3016 = ORIENTED_EDGE('',*,*,#3017,.F.);
#3017 = EDGE_CURVE('',#3018,#3010,#3020,.T.);
#3018 = VERTEX_POINT('',#3019);
#3019 = CARTESIAN_POINT('',(36.9,-54.1,0.));
#3020 = CIRCLE('',#3021,0.500001333575);
#3021 = AXIS2_PLACEMENT_3D('',#3022,#3023,#3024);
#3022 = CARTESIAN_POINT('',(37.400001333573,-54.10000133357,0.));
#3023 = DIRECTION('',(0.,0.,-1.));
#3024 = DIRECTION('',(-0.999999999996,2.667139205253E-06,0.));
#3025 = ORIENTED_EDGE('',*,*,#3026,.F.);
#3026 = EDGE_CURVE('',#3027,#3018,#3029,.T.);
#3027 = VERTEX_POINT('',#3028);
#3028 = CARTESIAN_POINT('',(36.9,-55.6,0.));
#3029 = LINE('',#3030,#3031);
#3030 = CARTESIAN_POINT('',(36.9,-55.6,0.));
#3031 = VECTOR('',#3032,1.);
#3032 = DIRECTION('',(0.,1.,0.));
#3033 = ORIENTED_EDGE('',*,*,#3034,.F.);
#3034 = EDGE_CURVE('',#3035,#3027,#3037,.T.);
#3035 = VERTEX_POINT('',#3036);
#3036 = CARTESIAN_POINT('',(36.9,-56.62972,0.));
#3037 = LINE('',#3038,#3039);
#3038 = CARTESIAN_POINT('',(36.9,-56.62972,0.));
#3039 = VECTOR('',#3040,1.);
#3040 = DIRECTION('',(0.,1.,0.));
#3041 = ORIENTED_EDGE('',*,*,#3042,.F.);
#3042 = EDGE_CURVE('',#3043,#3035,#3045,.T.);
#3043 = VERTEX_POINT('',#3044);
#3044 = CARTESIAN_POINT('',(33.903835,-61.21062,0.));
#3045 = CIRCLE('',#3046,4.999998859734);
#3046 = AXIS2_PLACEMENT_3D('',#3047,#3048,#3049);
#3047 = CARTESIAN_POINT('',(31.900001140266,-56.6297206931,0.));
#3048 = DIRECTION('',(0.,0.,1.));
#3049 = DIRECTION('',(0.400766863343,-0.916180070317,0.));
#3050 = ORIENTED_EDGE('',*,*,#3051,.F.);
#3051 = EDGE_CURVE('',#3052,#3043,#3054,.T.);
#3052 = VERTEX_POINT('',#3053);
#3053 = CARTESIAN_POINT('',(32.942685,-61.632851,0.));
#3054 = LINE('',#3055,#3056);
#3055 = CARTESIAN_POINT('',(32.942685,-61.632851,0.));
#3056 = VECTOR('',#3057,1.);
#3057 = DIRECTION('',(0.915551896331,0.402199857192,0.));
#3058 = ORIENTED_EDGE('',*,*,#3059,.F.);
#3059 = EDGE_CURVE('',#3060,#3052,#3062,.T.);
#3060 = VERTEX_POINT('',#3061);
#3061 = CARTESIAN_POINT('',(32.895105,-61.650079,0.));
#3062 = LINE('',#3063,#3064);
#3063 = CARTESIAN_POINT('',(32.895105,-61.650079,0.));
#3064 = VECTOR('',#3065,1.);
#3065 = DIRECTION('',(0.940261050967,0.340454337664,0.));
#3066 = ORIENTED_EDGE('',*,*,#3067,.F.);
#3067 = EDGE_CURVE('',#3068,#3060,#3070,.T.);
#3068 = VERTEX_POINT('',#3069);
#3069 = CARTESIAN_POINT('',(30.577019,-67.122185,0.));
#3070 = CIRCLE('',#3071,3.999993795068);
#3071 = AXIS2_PLACEMENT_3D('',#3072,#3073,#3074);
#3072 = CARTESIAN_POINT('',(34.201743533595,-65.43064061212,0.));
#3073 = DIRECTION('',(0.,0.,-1.));
#3074 = DIRECTION('',(-0.906182539099,-0.422886752964,-0.));
#3075 = ORIENTED_EDGE('',*,*,#3076,.F.);
#3076 = EDGE_CURVE('',#3077,#3068,#3079,.T.);
#3077 = VERTEX_POINT('',#3078);
#3078 = CARTESIAN_POINT('',(30.8,-67.600002,0.));
#3079 = LINE('',#3080,#3081);
#3080 = CARTESIAN_POINT('',(30.8,-67.600002,0.));
#3081 = VECTOR('',#3082,1.);
#3082 = DIRECTION('',(-0.422885050038,0.906183333799,0.));
#3083 = ORIENTED_EDGE('',*,*,#3084,.F.);
#3084 = EDGE_CURVE('',#3085,#3077,#3087,.T.);
#3085 = VERTEX_POINT('',#3086);
#3086 = CARTESIAN_POINT('',(32.846241136151,-66.80732527846,0.));
#3087 = CIRCLE('',#3088,15.477725317614);
#3088 = AXIS2_PLACEMENT_3D('',#3089,#3090,#3091);
#3089 = CARTESIAN_POINT('',(37.400000682386,-81.600001,0.));
#3090 = DIRECTION('',(0.,0.,1.));
#3091 = DIRECTION('',(-0.42641929269,-0.904525614243,0.));
#3092 = ORIENTED_EDGE('',*,*,#3093,.T.);
#3093 = EDGE_CURVE('',#3085,#3094,#3096,.T.);
#3094 = VERTEX_POINT('',#3095);
#3095 = CARTESIAN_POINT('',(34.798931347831,-66.3423989825,0.));
#3096 = CIRCLE('',#3097,1.25);
#3097 = AXIS2_PLACEMENT_3D('',#3098,#3099,#3100);
#3098 = CARTESIAN_POINT('',(33.65,-65.85,0.));
#3099 = DIRECTION('',(-0.,0.,-1.));
#3100 = DIRECTION('',(-0.,-1.,0.));
#3101 = ORIENTED_EDGE('',*,*,#3102,.F.);
#3102 = EDGE_CURVE('',#3103,#3094,#3105,.T.);
#3103 = VERTEX_POINT('',#3104);
#3104 = CARTESIAN_POINT('',(34.798932272532,-96.85760317513,0.));
#3105 = CIRCLE('',#3106,15.477725317614);
#3106 = AXIS2_PLACEMENT_3D('',#3107,#3108,#3109);
#3107 = CARTESIAN_POINT('',(37.400000682386,-81.600001,0.));
#3108 = DIRECTION('',(0.,0.,1.));
#3109 = DIRECTION('',(-0.42641929269,-0.904525614243,0.));
#3110 = ORIENTED_EDGE('',*,*,#3111,.T.);
#3111 = EDGE_CURVE('',#3103,#3112,#3114,.T.);
#3112 = VERTEX_POINT('',#3113);
#3113 = CARTESIAN_POINT('',(33.65,-98.6,0.));
#3114 = CIRCLE('',#3115,1.25);
#3115 = AXIS2_PLACEMENT_3D('',#3116,#3117,#3118);
#3116 = CARTESIAN_POINT('',(33.65,-97.35,0.));
#3117 = DIRECTION('',(-0.,0.,-1.));
#3118 = DIRECTION('',(-0.,-1.,0.));
#3119 = ORIENTED_EDGE('',*,*,#3120,.T.);
#3120 = EDGE_CURVE('',#3112,#3121,#3123,.T.);
#3121 = VERTEX_POINT('',#3122);
#3122 = CARTESIAN_POINT('',(32.846239393122,-96.39267618496,0.));
#3123 = CIRCLE('',#3124,1.25);
#3124 = AXIS2_PLACEMENT_3D('',#3125,#3126,#3127);
#3125 = CARTESIAN_POINT('',(33.65,-97.35,0.));
#3126 = DIRECTION('',(-0.,0.,-1.));
#3127 = DIRECTION('',(-0.,-1.,0.));
#3128 = ORIENTED_EDGE('',*,*,#3129,.F.);
#3129 = EDGE_CURVE('',#3130,#3121,#3132,.T.);
#3130 = VERTEX_POINT('',#3131);
#3131 = CARTESIAN_POINT('',(30.8,-95.6,0.));
#3132 = CIRCLE('',#3133,15.477725317614);
#3133 = AXIS2_PLACEMENT_3D('',#3134,#3135,#3136);
#3134 = CARTESIAN_POINT('',(37.400000682386,-81.600001,0.));
#3135 = DIRECTION('',(0.,0.,1.));
#3136 = DIRECTION('',(-0.42641929269,-0.904525614243,0.));
#3137 = ORIENTED_EDGE('',*,*,#3138,.F.);
#3138 = EDGE_CURVE('',#3139,#3130,#3141,.T.);
#3139 = VERTEX_POINT('',#3140);
#3140 = CARTESIAN_POINT('',(30.577889,-96.075957,0.));
#3141 = LINE('',#3142,#3143);
#3142 = CARTESIAN_POINT('',(30.577889,-96.075957,0.));
#3143 = VECTOR('',#3144,1.);
#3144 = DIRECTION('',(0.422881921532,0.90618479376,0.));
#3145 = ORIENTED_EDGE('',*,*,#3146,.F.);
#3146 = EDGE_CURVE('',#3147,#3139,#3149,.T.);
#3147 = VERTEX_POINT('',#3148);
#3148 = CARTESIAN_POINT('',(32.897708,-101.548666,0.));
#3149 = CIRCLE('',#3150,3.999974268396);
#3150 = AXIS2_PLACEMENT_3D('',#3151,#3152,#3153);
#3151 = CARTESIAN_POINT('',(34.202584868908,-97.76751663706,0.));
#3152 = DIRECTION('',(0.,0.,-1.));
#3153 = DIRECTION('',(-0.326221315776,-0.945293421713,-0.));
#3154 = ORIENTED_EDGE('',*,*,#3155,.F.);
#3155 = EDGE_CURVE('',#3156,#3147,#3158,.T.);
#3156 = VERTEX_POINT('',#3157);
#3157 = CARTESIAN_POINT('',(32.945423,-101.565969,0.));
#3158 = LINE('',#3159,#3160);
#3159 = CARTESIAN_POINT('',(32.945423,-101.565969,0.));
#3160 = VECTOR('',#3161,1.);
#3161 = DIRECTION('',(-0.940096210582,0.340909247233,0.));
#3162 = ORIENTED_EDGE('',*,*,#3163,.F.);
#3163 = EDGE_CURVE('',#3164,#3156,#3166,.T.);
#3164 = VERTEX_POINT('',#3165);
#3165 = CARTESIAN_POINT('',(35.941588,-106.146869,0.));
#3166 = CIRCLE('',#3167,4.999998859734);
#3167 = AXIS2_PLACEMENT_3D('',#3168,#3169,#3170);
#3168 = CARTESIAN_POINT('',(30.941589140266,-106.1468683068,0.));
#3169 = DIRECTION('',(0.,0.,1.));
#3170 = DIRECTION('',(1.,-1.386207205849E-07,0.));
#3171 = ORIENTED_EDGE('',*,*,#3172,.F.);
#3172 = EDGE_CURVE('',#3173,#3164,#3175,.T.);
#3173 = VERTEX_POINT('',#3174);
#3174 = CARTESIAN_POINT('',(35.941588,-109.091589,0.));
#3175 = LINE('',#3176,#3177);
#3176 = CARTESIAN_POINT('',(35.941588,-109.091589,0.));
#3177 = VECTOR('',#3178,1.);
#3178 = DIRECTION('',(0.,1.,0.));
#3179 = ORIENTED_EDGE('',*,*,#3180,.F.);
#3180 = EDGE_CURVE('',#3181,#3173,#3183,.T.);
#3181 = VERTEX_POINT('',#3182);
#3182 = CARTESIAN_POINT('',(36.441588,-109.591589,0.));
#3183 = CIRCLE('',#3184,0.500009869434);
#3184 = AXIS2_PLACEMENT_3D('',#3185,#3186,#3187);
#3185 = CARTESIAN_POINT('',(36.441597869337,-109.0915791306,0.));
#3186 = DIRECTION('',(0.,0.,-1.));
#3187 = DIRECTION('',(-1.973828379017E-05,-0.999999999805,-0.));
#3188 = ORIENTED_EDGE('',*,*,#3189,.F.);
#3189 = EDGE_CURVE('',#3190,#3181,#3192,.T.);
#3190 = VERTEX_POINT('',#3191);
#3191 = CARTESIAN_POINT('',(37.441588,-109.591589,0.));
#3192 = LINE('',#3193,#3194);
#3193 = CARTESIAN_POINT('',(37.441588,-109.591589,0.));
#3194 = VECTOR('',#3195,1.);
#3195 = DIRECTION('',(-1.,0.,0.));
#3196 = ORIENTED_EDGE('',*,*,#3197,.F.);
#3197 = EDGE_CURVE('',#3198,#3190,#3200,.T.);
#3198 = VERTEX_POINT('',#3199);
#3199 = CARTESIAN_POINT('',(37.441588,-111.591589,0.));
#3200 = CIRCLE('',#3201,1.);
#3201 = AXIS2_PLACEMENT_3D('',#3202,#3203,#3204);
#3202 = CARTESIAN_POINT('',(37.441588,-110.591589,0.));
#3203 = DIRECTION('',(0.,0.,1.));
#3204 = DIRECTION('',(-0.,-1.,0.));
#3205 = ORIENTED_EDGE('',*,*,#3206,.F.);
#3206 = EDGE_CURVE('',#3207,#3198,#3209,.T.);
#3207 = VERTEX_POINT('',#3208);
#3208 = CARTESIAN_POINT('',(36.441588,-111.591589,0.));
#3209 = LINE('',#3210,#3211);
#3210 = CARTESIAN_POINT('',(36.441588,-111.591589,0.));
#3211 = VECTOR('',#3212,1.);
#3212 = DIRECTION('',(1.,0.,0.));
#3213 = ORIENTED_EDGE('',*,*,#3214,.F.);
#3214 = EDGE_CURVE('',#3215,#3207,#3217,.T.);
#3215 = VERTEX_POINT('',#3216);
#3216 = CARTESIAN_POINT('',(35.941588,-112.091589,0.));
#3217 = CIRCLE('',#3218,0.499992798201);
#3218 = AXIS2_PLACEMENT_3D('',#3219,#3220,#3221);
#3219 = CARTESIAN_POINT('',(36.441580798149,-112.0915817981,0.));
#3220 = DIRECTION('',(0.,0.,-1.));
#3221 = DIRECTION('',(-0.999999999896,-1.44039088535E-05,-0.));
#3222 = ORIENTED_EDGE('',*,*,#3223,.F.);
#3223 = EDGE_CURVE('',#3224,#3215,#3226,.T.);
#3224 = VERTEX_POINT('',#3225);
#3225 = CARTESIAN_POINT('',(35.941588,-112.591589,0.));
#3226 = LINE('',#3227,#3228);
#3227 = CARTESIAN_POINT('',(35.941588,-112.591589,0.));
#3228 = VECTOR('',#3229,1.);
#3229 = DIRECTION('',(0.,1.,0.));
#3230 = ORIENTED_EDGE('',*,*,#3231,.F.);
#3231 = EDGE_CURVE('',#3232,#3224,#3234,.T.);
#3232 = VERTEX_POINT('',#3233);
#3233 = CARTESIAN_POINT('',(36.441588,-113.091589,0.));
#3234 = CIRCLE('',#3235,0.500009869434);
#3235 = AXIS2_PLACEMENT_3D('',#3236,#3237,#3238);
#3236 = CARTESIAN_POINT('',(36.441597869337,-112.5915791306,0.));
#3237 = DIRECTION('',(0.,0.,-1.));
#3238 = DIRECTION('',(-1.973828379017E-05,-0.999999999805,-0.));
#3239 = ORIENTED_EDGE('',*,*,#3240,.F.);
#3240 = EDGE_CURVE('',#3241,#3232,#3243,.T.);
#3241 = VERTEX_POINT('',#3242);
#3242 = CARTESIAN_POINT('',(52.216588,-113.091589,0.));
#3243 = LINE('',#3244,#3245);
#3244 = CARTESIAN_POINT('',(52.216588,-113.091589,0.));
#3245 = VECTOR('',#3246,1.);
#3246 = DIRECTION('',(-1.,0.,0.));
#3247 = ORIENTED_EDGE('',*,*,#3248,.F.);
#3248 = EDGE_CURVE('',#3249,#3241,#3251,.T.);
#3249 = VERTEX_POINT('',#3250);
#3250 = CARTESIAN_POINT('',(52.716588,-112.591589,0.));
#3251 = CIRCLE('',#3252,0.500001333498);
#3252 = AXIS2_PLACEMENT_3D('',#3253,#3254,#3255);
#3253 = CARTESIAN_POINT('',(52.216586666504,-112.5915876665,0.));
#3254 = DIRECTION('',(0.,0.,-1.));
#3255 = DIRECTION('',(0.999999999996,-2.666984691454E-06,0.));
#3256 = ORIENTED_EDGE('',*,*,#3257,.F.);
#3257 = EDGE_CURVE('',#3258,#3249,#3260,.T.);
#3258 = VERTEX_POINT('',#3259);
#3259 = CARTESIAN_POINT('',(52.716588,-112.091589,0.));
#3260 = LINE('',#3261,#3262);
#3261 = CARTESIAN_POINT('',(52.716588,-112.091589,0.));
#3262 = VECTOR('',#3263,1.);
#3263 = DIRECTION('',(0.,-1.,0.));
#3264 = ORIENTED_EDGE('',*,*,#3265,.F.);
#3265 = EDGE_CURVE('',#3266,#3258,#3268,.T.);
#3266 = VERTEX_POINT('',#3267);
#3267 = CARTESIAN_POINT('',(52.216588,-111.591589,0.));
#3268 = CIRCLE('',#3269,0.499909177585);
#3269 = AXIS2_PLACEMENT_3D('',#3270,#3271,#3272);
#3270 = CARTESIAN_POINT('',(52.216678830667,-112.0914981693,0.));
#3271 = DIRECTION('',(0.,0.,-1.));
#3272 = DIRECTION('',(-1.816943380758E-04,0.999999983494,0.));
#3273 = ORIENTED_EDGE('',*,*,#3274,.F.);
#3274 = EDGE_CURVE('',#3275,#3266,#3277,.T.);
#3275 = VERTEX_POINT('',#3276);
#3276 = CARTESIAN_POINT('',(51.216588,-111.591589,0.));
#3277 = LINE('',#3278,#3279);
#3278 = CARTESIAN_POINT('',(51.216588,-111.591589,0.));
#3279 = VECTOR('',#3280,1.);
#3280 = DIRECTION('',(1.,0.,0.));
#3281 = ORIENTED_EDGE('',*,*,#3282,.F.);
#3282 = EDGE_CURVE('',#3283,#3275,#3285,.T.);
#3283 = VERTEX_POINT('',#3284);
#3284 = CARTESIAN_POINT('',(51.216588,-109.591589,0.));
#3285 = CIRCLE('',#3286,1.000000000018);
#3286 = AXIS2_PLACEMENT_3D('',#3287,#3288,#3289);
#3287 = CARTESIAN_POINT('',(51.216582000016,-110.591589,0.));
#3288 = DIRECTION('',(0.,0.,1.));
#3289 = DIRECTION('',(5.999983997532E-06,0.999999999982,-0.));
#3290 = ORIENTED_EDGE('',*,*,#3291,.F.);
#3291 = EDGE_CURVE('',#3292,#3283,#3294,.T.);
#3292 = VERTEX_POINT('',#3293);
#3293 = CARTESIAN_POINT('',(52.216588,-109.591589,0.));
#3294 = LINE('',#3295,#3296);
#3295 = CARTESIAN_POINT('',(52.216588,-109.591589,0.));
#3296 = VECTOR('',#3297,1.);
#3297 = DIRECTION('',(-1.,0.,0.));
#3298 = ORIENTED_EDGE('',*,*,#3299,.F.);
#3299 = EDGE_CURVE('',#3300,#3292,#3302,.T.);
#3300 = VERTEX_POINT('',#3301);
#3301 = CARTESIAN_POINT('',(52.716588,-109.091589,0.));
#3302 = CIRCLE('',#3303,0.500001333498);
#3303 = AXIS2_PLACEMENT_3D('',#3304,#3305,#3306);
#3304 = CARTESIAN_POINT('',(52.216586666504,-109.0915876665,0.));
#3305 = DIRECTION('',(0.,0.,-1.));
#3306 = DIRECTION('',(0.999999999996,-2.666984691454E-06,0.));
#3307 = ORIENTED_EDGE('',*,*,#3308,.F.);
#3308 = EDGE_CURVE('',#3309,#3300,#3311,.T.);
#3309 = VERTEX_POINT('',#3310);
#3310 = CARTESIAN_POINT('',(52.716588,-108.591589,0.));
#3311 = LINE('',#3312,#3313);
#3312 = CARTESIAN_POINT('',(52.716588,-108.591589,0.));
#3313 = VECTOR('',#3314,1.);
#3314 = DIRECTION('',(0.,-1.,0.));
#3315 = ORIENTED_EDGE('',*,*,#3316,.F.);
#3316 = EDGE_CURVE('',#3317,#3309,#3319,.T.);
#3317 = VERTEX_POINT('',#3318);
#3318 = CARTESIAN_POINT('',(53.716588,-107.591589,0.));
#3319 = CIRCLE('',#3320,0.999999252886);
#3320 = AXIS2_PLACEMENT_3D('',#3321,#3322,#3323);
#3321 = CARTESIAN_POINT('',(53.716587252886,-108.5915882528,0.));
#3322 = DIRECTION('',(0.,0.,1.));
#3323 = DIRECTION('',(7.471143743256E-07,1.,-0.));
#3324 = ORIENTED_EDGE('',*,*,#3325,.F.);
#3325 = EDGE_CURVE('',#3326,#3317,#3328,.T.);
#3326 = VERTEX_POINT('',#3327);
#3327 = CARTESIAN_POINT('',(72.,-107.6,0.));
#3328 = LINE('',#3329,#3330);
#3329 = CARTESIAN_POINT('',(72.,-107.6,0.));
#3330 = VECTOR('',#3331,1.);
#3331 = DIRECTION('',(-0.999999894184,4.600344350375E-04,0.));
#3332 = ORIENTED_EDGE('',*,*,#3333,.F.);
#3333 = EDGE_CURVE('',#3334,#3326,#3336,.T.);
#3334 = VERTEX_POINT('',#3335);
#3335 = CARTESIAN_POINT('',(72.,-55.6,0.));
#3336 = CIRCLE('',#3337,26.);
#3337 = AXIS2_PLACEMENT_3D('',#3338,#3339,#3340);
#3338 = CARTESIAN_POINT('',(72.,-81.6,0.));
#3339 = DIRECTION('',(0.,0.,-1.));
#3340 = DIRECTION('',(0.,1.,0.));
#3341 = ORIENTED_EDGE('',*,*,#3342,.F.);
#3342 = EDGE_CURVE('',#3343,#3334,#3345,.T.);
#3343 = VERTEX_POINT('',#3344);
#3344 = CARTESIAN_POINT('',(54.675,-55.6,0.));
#3345 = LINE('',#3346,#3347);
#3346 = CARTESIAN_POINT('',(54.675,-55.6,0.));
#3347 = VECTOR('',#3348,1.);
#3348 = DIRECTION('',(1.,0.,0.));
#3349 = ORIENTED_EDGE('',*,*,#3350,.F.);
#3350 = EDGE_CURVE('',#3351,#3343,#3353,.T.);
#3351 = VERTEX_POINT('',#3352);
#3352 = CARTESIAN_POINT('',(53.675,-54.6,0.));
#3353 = CIRCLE('',#3354,0.999999252925);
#3354 = AXIS2_PLACEMENT_3D('',#3355,#3356,#3357);
#3355 = CARTESIAN_POINT('',(54.674999252925,-54.60000074707,0.));
#3356 = DIRECTION('',(0.,0.,1.));
#3357 = DIRECTION('',(-1.,7.470757420593E-07,0.));
#3358 = ORIENTED_EDGE('',*,*,#3359,.F.);
#3359 = EDGE_CURVE('',#3360,#3351,#3362,.T.);
#3360 = VERTEX_POINT('',#3361);
#3361 = CARTESIAN_POINT('',(53.675,-54.1,0.));
#3362 = LINE('',#3363,#3364);
#3363 = CARTESIAN_POINT('',(53.675,-54.1,0.));
#3364 = VECTOR('',#3365,1.);
#3365 = DIRECTION('',(0.,-1.,0.));
#3366 = ORIENTED_EDGE('',*,*,#3367,.F.);
#3367 = EDGE_CURVE('',#3368,#3360,#3370,.T.);
#3368 = VERTEX_POINT('',#3369);
#3369 = CARTESIAN_POINT('',(53.175,-53.6,0.));
#3370 = CIRCLE('',#3371,0.500001333575);
#3371 = AXIS2_PLACEMENT_3D('',#3372,#3373,#3374);
#3372 = CARTESIAN_POINT('',(53.174998666427,-54.10000133357,0.));
#3373 = DIRECTION('',(0.,0.,-1.));
#3374 = DIRECTION('',(2.667139162621E-06,0.999999999996,0.));
#3375 = ORIENTED_EDGE('',*,*,#3376,.F.);
#3376 = EDGE_CURVE('',#3377,#3368,#3379,.T.);
#3377 = VERTEX_POINT('',#3378);
#3378 = CARTESIAN_POINT('',(52.175,-53.6,0.));
#3379 = LINE('',#3380,#3381);
#3380 = CARTESIAN_POINT('',(52.175,-53.6,0.));
#3381 = VECTOR('',#3382,1.);
#3382 = DIRECTION('',(1.,0.,0.));
#3383 = ORIENTED_EDGE('',*,*,#3384,.F.);
#3384 = EDGE_CURVE('',#3385,#3377,#3387,.T.);
#3385 = VERTEX_POINT('',#3386);
#3386 = CARTESIAN_POINT('',(52.175,-51.6,0.));
#3387 = CIRCLE('',#3388,1.);
#3388 = AXIS2_PLACEMENT_3D('',#3389,#3390,#3391);
#3389 = CARTESIAN_POINT('',(52.175,-52.6,0.));
#3390 = DIRECTION('',(0.,-0.,1.));
#3391 = DIRECTION('',(0.,1.,0.));
#3392 = ORIENTED_EDGE('',*,*,#3393,.F.);
#3393 = EDGE_CURVE('',#3394,#3385,#3396,.T.);
#3394 = VERTEX_POINT('',#3395);
#3395 = CARTESIAN_POINT('',(53.175,-51.6,0.));
#3396 = LINE('',#3397,#3398);
#3397 = CARTESIAN_POINT('',(53.175,-51.6,0.));
#3398 = VECTOR('',#3399,1.);
#3399 = DIRECTION('',(-1.,0.,0.));
#3400 = ORIENTED_EDGE('',*,*,#3401,.F.);
#3401 = EDGE_CURVE('',#2943,#3394,#3402,.T.);
#3402 = CIRCLE('',#3403,0.500001333575);
#3403 = AXIS2_PLACEMENT_3D('',#3404,#3405,#3406);
#3404 = CARTESIAN_POINT('',(53.174998666427,-51.09999866642,0.));
#3405 = DIRECTION('',(0.,0.,-1.));
#3406 = DIRECTION('',(0.999999999996,-2.667139176832E-06,0.));
#3407 = ORIENTED_EDGE('',*,*,#2950,.F.);
#3408 = FACE_BOUND('',#3409,.F.);
#3409 = EDGE_LOOP('',(#3410));
#3410 = ORIENTED_EDGE('',*,*,#3411,.T.);
#3411 = EDGE_CURVE('',#3412,#3412,#3414,.T.);
#3412 = VERTEX_POINT('',#3413);
#3413 = CARTESIAN_POINT('',(49.208,-106.484,0.));
#3414 = CIRCLE('',#3415,0.5);
#3415 = AXIS2_PLACEMENT_3D('',#3416,#3417,#3418);
#3416 = CARTESIAN_POINT('',(49.208,-105.984,0.));
#3417 = DIRECTION('',(-0.,0.,-1.));
#3418 = DIRECTION('',(-0.,-1.,0.));
#3419 = FACE_BOUND('',#3420,.F.);
#3420 = EDGE_LOOP('',(#3421));
#3421 = ORIENTED_EDGE('',*,*,#3422,.T.);
#3422 = EDGE_CURVE('',#3423,#3423,#3425,.T.);
#3423 = VERTEX_POINT('',#3424);
#3424 = CARTESIAN_POINT('',(51.748,-106.484,0.));
#3425 = CIRCLE('',#3426,0.5);
#3426 = AXIS2_PLACEMENT_3D('',#3427,#3428,#3429);
#3427 = CARTESIAN_POINT('',(51.748,-105.984,0.));
#3428 = DIRECTION('',(-0.,0.,-1.));
#3429 = DIRECTION('',(-0.,-1.,0.));
#3430 = FACE_BOUND('',#3431,.F.);
#3431 = EDGE_LOOP('',(#3432));
#3432 = ORIENTED_EDGE('',*,*,#3433,.T.);
#3433 = EDGE_CURVE('',#3434,#3434,#3436,.T.);
#3434 = VERTEX_POINT('',#3435);
#3435 = CARTESIAN_POINT('',(54.288,-106.484,0.));
#3436 = CIRCLE('',#3437,0.5);
#3437 = AXIS2_PLACEMENT_3D('',#3438,#3439,#3440);
#3438 = CARTESIAN_POINT('',(54.288,-105.984,0.));
#3439 = DIRECTION('',(-0.,0.,-1.));
#3440 = DIRECTION('',(-0.,-1.,0.));
#3441 = FACE_BOUND('',#3442,.F.);
#3442 = EDGE_LOOP('',(#3443));
#3443 = ORIENTED_EDGE('',*,*,#3444,.T.);
#3444 = EDGE_CURVE('',#3445,#3445,#3447,.T.);
#3445 = VERTEX_POINT('',#3446);
#3446 = CARTESIAN_POINT('',(56.828,-106.484,0.));
#3447 = CIRCLE('',#3448,0.5);
#3448 = AXIS2_PLACEMENT_3D('',#3449,#3450,#3451);
#3449 = CARTESIAN_POINT('',(56.828,-105.984,0.));
#3450 = DIRECTION('',(-0.,0.,-1.));
#3451 = DIRECTION('',(-0.,-1.,0.));
#3452 = FACE_BOUND('',#3453,.F.);
#3453 = EDGE_LOOP('',(#3454));
#3454 = ORIENTED_EDGE('',*,*,#3455,.T.);
#3455 = EDGE_CURVE('',#3456,#3456,#3458,.T.);
#3456 = VERTEX_POINT('',#3457);
#3457 = CARTESIAN_POINT('',(72.4,-96.35,0.));
#3458 = CIRCLE('',#3459,1.75);
#3459 = AXIS2_PLACEMENT_3D('',#3460,#3461,#3462);
#3460 = CARTESIAN_POINT('',(72.4,-94.6,0.));
#3461 = DIRECTION('',(-0.,0.,-1.));
#3462 = DIRECTION('',(-0.,-1.,0.));
#3463 = FACE_BOUND('',#3464,.F.);
#3464 = EDGE_LOOP('',(#3465));
#3465 = ORIENTED_EDGE('',*,*,#3466,.T.);
#3466 = EDGE_CURVE('',#3467,#3467,#3469,.T.);
#3467 = VERTEX_POINT('',#3468);
#3468 = CARTESIAN_POINT('',(87.876,-85.91,0.));
#3469 = CIRCLE('',#3470,0.5);
#3470 = AXIS2_PLACEMENT_3D('',#3471,#3472,#3473);
#3471 = CARTESIAN_POINT('',(87.876,-85.41,0.));
#3472 = DIRECTION('',(-0.,0.,-1.));
#3473 = DIRECTION('',(-0.,-1.,0.));
#3474 = FACE_BOUND('',#3475,.F.);
#3475 = EDGE_LOOP('',(#3476));
#3476 = ORIENTED_EDGE('',*,*,#3477,.T.);
#3477 = EDGE_CURVE('',#3478,#3478,#3480,.T.);
#3478 = VERTEX_POINT('',#3479);
#3479 = CARTESIAN_POINT('',(87.876,-83.37,0.));
#3480 = CIRCLE('',#3481,0.5);
#3481 = AXIS2_PLACEMENT_3D('',#3482,#3483,#3484);
#3482 = CARTESIAN_POINT('',(87.876,-82.87,0.));
#3483 = DIRECTION('',(-0.,0.,-1.));
#3484 = DIRECTION('',(-0.,-1.,0.));
#3485 = FACE_BOUND('',#3486,.F.);
#3486 = EDGE_LOOP('',(#3487));
#3487 = ORIENTED_EDGE('',*,*,#3488,.T.);
#3488 = EDGE_CURVE('',#3489,#3489,#3491,.T.);
#3489 = VERTEX_POINT('',#3490);
#3490 = CARTESIAN_POINT('',(49.208,-57.716,0.));
#3491 = CIRCLE('',#3492,0.5);
#3492 = AXIS2_PLACEMENT_3D('',#3493,#3494,#3495);
#3493 = CARTESIAN_POINT('',(49.208,-57.216,0.));
#3494 = DIRECTION('',(-0.,0.,-1.));
#3495 = DIRECTION('',(-0.,-1.,0.));
#3496 = FACE_BOUND('',#3497,.F.);
#3497 = EDGE_LOOP('',(#3498));
#3498 = ORIENTED_EDGE('',*,*,#3499,.T.);
#3499 = EDGE_CURVE('',#3500,#3500,#3502,.T.);
#3500 = VERTEX_POINT('',#3501);
#3501 = CARTESIAN_POINT('',(51.748,-57.716,0.));
#3502 = CIRCLE('',#3503,0.5);
#3503 = AXIS2_PLACEMENT_3D('',#3504,#3505,#3506);
#3504 = CARTESIAN_POINT('',(51.748,-57.216,0.));
#3505 = DIRECTION('',(-0.,0.,-1.));
#3506 = DIRECTION('',(-0.,-1.,0.));
#3507 = FACE_BOUND('',#3508,.F.);
#3508 = EDGE_LOOP('',(#3509));
#3509 = ORIENTED_EDGE('',*,*,#3510,.T.);
#3510 = EDGE_CURVE('',#3511,#3511,#3513,.T.);
#3511 = VERTEX_POINT('',#3512);
#3512 = CARTESIAN_POINT('',(54.288,-57.716,0.));
#3513 = CIRCLE('',#3514,0.5);
#3514 = AXIS2_PLACEMENT_3D('',#3515,#3516,#3517);
#3515 = CARTESIAN_POINT('',(54.288,-57.216,0.));
#3516 = DIRECTION('',(-0.,0.,-1.));
#3517 = DIRECTION('',(-0.,-1.,0.));
#3518 = FACE_BOUND('',#3519,.F.);
#3519 = EDGE_LOOP('',(#3520));
#3520 = ORIENTED_EDGE('',*,*,#3521,.T.);
#3521 = EDGE_CURVE('',#3522,#3522,#3524,.T.);
#3522 = VERTEX_POINT('',#3523);
#3523 = CARTESIAN_POINT('',(56.828,-57.716,0.));
#3524 = CIRCLE('',#3525,0.5);
#3525 = AXIS2_PLACEMENT_3D('',#3526,#3527,#3528);
#3526 = CARTESIAN_POINT('',(56.828,-57.216,0.));
#3527 = DIRECTION('',(-0.,0.,-1.));
#3528 = DIRECTION('',(-0.,-1.,0.));
#3529 = FACE_BOUND('',#3530,.F.);
#3530 = EDGE_LOOP('',(#3531));
#3531 = ORIENTED_EDGE('',*,*,#3532,.T.);
#3532 = EDGE_CURVE('',#3533,#3533,#3535,.T.);
#3533 = VERTEX_POINT('',#3534);
#3534 = CARTESIAN_POINT('',(87.876,-80.83,0.));
#3535 = CIRCLE('',#3536,0.5);
#3536 = AXIS2_PLACEMENT_3D('',#3537,#3538,#3539);
#3537 = CARTESIAN_POINT('',(87.876,-80.33,0.));
#3538 = DIRECTION('',(-0.,0.,-1.));
#3539 = DIRECTION('',(-0.,-1.,0.));
#3540 = FACE_BOUND('',#3541,.F.);
#3541 = EDGE_LOOP('',(#3542));
#3542 = ORIENTED_EDGE('',*,*,#3543,.T.);
#3543 = EDGE_CURVE('',#3544,#3544,#3546,.T.);
#3544 = VERTEX_POINT('',#3545);
#3545 = CARTESIAN_POINT('',(87.876,-78.29,0.));
#3546 = CIRCLE('',#3547,0.5);
#3547 = AXIS2_PLACEMENT_3D('',#3548,#3549,#3550);
#3548 = CARTESIAN_POINT('',(87.876,-77.79,0.));
#3549 = DIRECTION('',(-0.,0.,-1.));
#3550 = DIRECTION('',(-0.,-1.,0.));
#3551 = FACE_BOUND('',#3552,.F.);
#3552 = EDGE_LOOP('',(#3553));
#3553 = ORIENTED_EDGE('',*,*,#3554,.T.);
#3554 = EDGE_CURVE('',#3555,#3555,#3557,.T.);
#3555 = VERTEX_POINT('',#3556);
#3556 = CARTESIAN_POINT('',(72.4,-70.39,0.));
#3557 = CIRCLE('',#3558,1.75);
#3558 = AXIS2_PLACEMENT_3D('',#3559,#3560,#3561);
#3559 = CARTESIAN_POINT('',(72.4,-68.64,0.));
#3560 = DIRECTION('',(-0.,0.,-1.));
#3561 = DIRECTION('',(-0.,-1.,0.));
#3562 = PLANE('',#3563);
#3563 = AXIS2_PLACEMENT_3D('',#3564,#3565,#3566);
#3564 = CARTESIAN_POINT('',(0.,0.,0.));
#3565 = DIRECTION('',(0.,0.,1.));
#3566 = DIRECTION('',(1.,0.,-0.));
#3567 = ADVANCED_FACE('',(#3568,#4015,#4026,#4037,#4048,#4059,#4070,
    #4081,#4092,#4103,#4114,#4125,#4136,#4147,#4158),#4169,.T.);
#3568 = FACE_BOUND('',#3569,.T.);
#3569 = EDGE_LOOP('',(#3570,#3571,#3572,#3581,#3589,#3598,#3606,#3615,
    #3623,#3632,#3640,#3648,#3657,#3665,#3673,#3682,#3690,#3699,#3708,
    #3717,#3726,#3735,#3744,#3752,#3761,#3769,#3778,#3786,#3795,#3803,
    #3812,#3820,#3829,#3837,#3846,#3854,#3863,#3871,#3880,#3888,#3897,
    #3905,#3914,#3922,#3931,#3939,#3948,#3956,#3965,#3973,#3982,#3990,
    #3999,#4007,#4014));
#3570 = ORIENTED_EDGE('',*,*,#2870,.F.);
#3571 = ORIENTED_EDGE('',*,*,#2912,.F.);
#3572 = ORIENTED_EDGE('',*,*,#3573,.F.);
#3573 = EDGE_CURVE('',#3574,#2905,#3576,.T.);
#3574 = VERTEX_POINT('',#3575);
#3575 = CARTESIAN_POINT('',(36.9,-50.6,1.51));
#3576 = CIRCLE('',#3577,0.500001333575);
#3577 = AXIS2_PLACEMENT_3D('',#3578,#3579,#3580);
#3578 = CARTESIAN_POINT('',(37.400001333573,-50.60000133357,1.51));
#3579 = DIRECTION('',(0.,0.,-1.));
#3580 = DIRECTION('',(-0.999999999996,2.667139205253E-06,0.));
#3581 = ORIENTED_EDGE('',*,*,#3582,.F.);
#3582 = EDGE_CURVE('',#3583,#3574,#3585,.T.);
#3583 = VERTEX_POINT('',#3584);
#3584 = CARTESIAN_POINT('',(36.9,-51.1,1.51));
#3585 = LINE('',#3586,#3587);
#3586 = CARTESIAN_POINT('',(36.9,-51.1,1.51));
#3587 = VECTOR('',#3588,1.);
#3588 = DIRECTION('',(0.,1.,0.));
#3589 = ORIENTED_EDGE('',*,*,#3590,.F.);
#3590 = EDGE_CURVE('',#3591,#3583,#3593,.T.);
#3591 = VERTEX_POINT('',#3592);
#3592 = CARTESIAN_POINT('',(37.4,-51.6,1.51));
#3593 = CIRCLE('',#3594,0.500001333575);
#3594 = AXIS2_PLACEMENT_3D('',#3595,#3596,#3597);
#3595 = CARTESIAN_POINT('',(37.400001333573,-51.09999866642,1.51));
#3596 = DIRECTION('',(0.,0.,-1.));
#3597 = DIRECTION('',(-2.667139205253E-06,-0.999999999996,-0.));
#3598 = ORIENTED_EDGE('',*,*,#3599,.F.);
#3599 = EDGE_CURVE('',#3600,#3591,#3602,.T.);
#3600 = VERTEX_POINT('',#3601);
#3601 = CARTESIAN_POINT('',(38.4,-51.6,1.51));
#3602 = LINE('',#3603,#3604);
#3603 = CARTESIAN_POINT('',(38.4,-51.6,1.51));
#3604 = VECTOR('',#3605,1.);
#3605 = DIRECTION('',(-1.,0.,0.));
#3606 = ORIENTED_EDGE('',*,*,#3607,.F.);
#3607 = EDGE_CURVE('',#3608,#3600,#3610,.T.);
#3608 = VERTEX_POINT('',#3609);
#3609 = CARTESIAN_POINT('',(38.4,-53.6,1.51));
#3610 = CIRCLE('',#3611,1.);
#3611 = AXIS2_PLACEMENT_3D('',#3612,#3613,#3614);
#3612 = CARTESIAN_POINT('',(38.4,-52.6,1.51));
#3613 = DIRECTION('',(0.,0.,1.));
#3614 = DIRECTION('',(-0.,-1.,0.));
#3615 = ORIENTED_EDGE('',*,*,#3616,.F.);
#3616 = EDGE_CURVE('',#3617,#3608,#3619,.T.);
#3617 = VERTEX_POINT('',#3618);
#3618 = CARTESIAN_POINT('',(37.4,-53.6,1.51));
#3619 = LINE('',#3620,#3621);
#3620 = CARTESIAN_POINT('',(37.4,-53.6,1.51));
#3621 = VECTOR('',#3622,1.);
#3622 = DIRECTION('',(1.,0.,0.));
#3623 = ORIENTED_EDGE('',*,*,#3624,.F.);
#3624 = EDGE_CURVE('',#3625,#3617,#3627,.T.);
#3625 = VERTEX_POINT('',#3626);
#3626 = CARTESIAN_POINT('',(36.9,-54.1,1.51));
#3627 = CIRCLE('',#3628,0.500001333575);
#3628 = AXIS2_PLACEMENT_3D('',#3629,#3630,#3631);
#3629 = CARTESIAN_POINT('',(37.400001333573,-54.10000133357,1.51));
#3630 = DIRECTION('',(0.,0.,-1.));
#3631 = DIRECTION('',(-0.999999999996,2.667139205253E-06,0.));
#3632 = ORIENTED_EDGE('',*,*,#3633,.F.);
#3633 = EDGE_CURVE('',#3634,#3625,#3636,.T.);
#3634 = VERTEX_POINT('',#3635);
#3635 = CARTESIAN_POINT('',(36.9,-55.6,1.51));
#3636 = LINE('',#3637,#3638);
#3637 = CARTESIAN_POINT('',(36.9,-55.6,1.51));
#3638 = VECTOR('',#3639,1.);
#3639 = DIRECTION('',(0.,1.,0.));
#3640 = ORIENTED_EDGE('',*,*,#3641,.F.);
#3641 = EDGE_CURVE('',#3642,#3634,#3644,.T.);
#3642 = VERTEX_POINT('',#3643);
#3643 = CARTESIAN_POINT('',(36.9,-56.62972,1.51));
#3644 = LINE('',#3645,#3646);
#3645 = CARTESIAN_POINT('',(36.9,-56.62972,1.51));
#3646 = VECTOR('',#3647,1.);
#3647 = DIRECTION('',(0.,1.,0.));
#3648 = ORIENTED_EDGE('',*,*,#3649,.F.);
#3649 = EDGE_CURVE('',#3650,#3642,#3652,.T.);
#3650 = VERTEX_POINT('',#3651);
#3651 = CARTESIAN_POINT('',(33.903835,-61.21062,1.51));
#3652 = CIRCLE('',#3653,4.999998859734);
#3653 = AXIS2_PLACEMENT_3D('',#3654,#3655,#3656);
#3654 = CARTESIAN_POINT('',(31.900001140266,-56.6297206931,1.51));
#3655 = DIRECTION('',(0.,0.,1.));
#3656 = DIRECTION('',(0.400766863343,-0.916180070317,0.));
#3657 = ORIENTED_EDGE('',*,*,#3658,.F.);
#3658 = EDGE_CURVE('',#3659,#3650,#3661,.T.);
#3659 = VERTEX_POINT('',#3660);
#3660 = CARTESIAN_POINT('',(32.942685,-61.632851,1.51));
#3661 = LINE('',#3662,#3663);
#3662 = CARTESIAN_POINT('',(32.942685,-61.632851,1.51));
#3663 = VECTOR('',#3664,1.);
#3664 = DIRECTION('',(0.915551896331,0.402199857192,0.));
#3665 = ORIENTED_EDGE('',*,*,#3666,.F.);
#3666 = EDGE_CURVE('',#3667,#3659,#3669,.T.);
#3667 = VERTEX_POINT('',#3668);
#3668 = CARTESIAN_POINT('',(32.895105,-61.650079,1.51));
#3669 = LINE('',#3670,#3671);
#3670 = CARTESIAN_POINT('',(32.895105,-61.650079,1.51));
#3671 = VECTOR('',#3672,1.);
#3672 = DIRECTION('',(0.940261050967,0.340454337664,0.));
#3673 = ORIENTED_EDGE('',*,*,#3674,.F.);
#3674 = EDGE_CURVE('',#3675,#3667,#3677,.T.);
#3675 = VERTEX_POINT('',#3676);
#3676 = CARTESIAN_POINT('',(30.577019,-67.122185,1.51));
#3677 = CIRCLE('',#3678,3.999993795068);
#3678 = AXIS2_PLACEMENT_3D('',#3679,#3680,#3681);
#3679 = CARTESIAN_POINT('',(34.201743533595,-65.43064061212,1.51));
#3680 = DIRECTION('',(0.,0.,-1.));
#3681 = DIRECTION('',(-0.906182539099,-0.422886752964,-0.));
#3682 = ORIENTED_EDGE('',*,*,#3683,.F.);
#3683 = EDGE_CURVE('',#3684,#3675,#3686,.T.);
#3684 = VERTEX_POINT('',#3685);
#3685 = CARTESIAN_POINT('',(30.8,-67.600002,1.51));
#3686 = LINE('',#3687,#3688);
#3687 = CARTESIAN_POINT('',(30.8,-67.600002,1.51));
#3688 = VECTOR('',#3689,1.);
#3689 = DIRECTION('',(-0.422885050038,0.906183333799,0.));
#3690 = ORIENTED_EDGE('',*,*,#3691,.F.);
#3691 = EDGE_CURVE('',#3692,#3684,#3694,.T.);
#3692 = VERTEX_POINT('',#3693);
#3693 = CARTESIAN_POINT('',(32.846241136151,-66.80732527846,1.51));
#3694 = CIRCLE('',#3695,15.477725317614);
#3695 = AXIS2_PLACEMENT_3D('',#3696,#3697,#3698);
#3696 = CARTESIAN_POINT('',(37.400000682386,-81.600001,1.51));
#3697 = DIRECTION('',(0.,0.,1.));
#3698 = DIRECTION('',(-0.42641929269,-0.904525614243,0.));
#3699 = ORIENTED_EDGE('',*,*,#3700,.T.);
#3700 = EDGE_CURVE('',#3692,#3701,#3703,.T.);
#3701 = VERTEX_POINT('',#3702);
#3702 = CARTESIAN_POINT('',(34.798931347831,-66.3423989825,1.51));
#3703 = CIRCLE('',#3704,1.25);
#3704 = AXIS2_PLACEMENT_3D('',#3705,#3706,#3707);
#3705 = CARTESIAN_POINT('',(33.65,-65.85,1.51));
#3706 = DIRECTION('',(-0.,0.,-1.));
#3707 = DIRECTION('',(-0.,-1.,0.));
#3708 = ORIENTED_EDGE('',*,*,#3709,.F.);
#3709 = EDGE_CURVE('',#3710,#3701,#3712,.T.);
#3710 = VERTEX_POINT('',#3711);
#3711 = CARTESIAN_POINT('',(34.798932272532,-96.85760317513,1.51));
#3712 = CIRCLE('',#3713,15.477725317614);
#3713 = AXIS2_PLACEMENT_3D('',#3714,#3715,#3716);
#3714 = CARTESIAN_POINT('',(37.400000682386,-81.600001,1.51));
#3715 = DIRECTION('',(0.,0.,1.));
#3716 = DIRECTION('',(-0.42641929269,-0.904525614243,0.));
#3717 = ORIENTED_EDGE('',*,*,#3718,.T.);
#3718 = EDGE_CURVE('',#3710,#3719,#3721,.T.);
#3719 = VERTEX_POINT('',#3720);
#3720 = CARTESIAN_POINT('',(33.65,-98.6,1.51));
#3721 = CIRCLE('',#3722,1.25);
#3722 = AXIS2_PLACEMENT_3D('',#3723,#3724,#3725);
#3723 = CARTESIAN_POINT('',(33.65,-97.35,1.51));
#3724 = DIRECTION('',(-0.,0.,-1.));
#3725 = DIRECTION('',(-0.,-1.,0.));
#3726 = ORIENTED_EDGE('',*,*,#3727,.T.);
#3727 = EDGE_CURVE('',#3719,#3728,#3730,.T.);
#3728 = VERTEX_POINT('',#3729);
#3729 = CARTESIAN_POINT('',(32.846239393122,-96.39267618496,1.51));
#3730 = CIRCLE('',#3731,1.25);
#3731 = AXIS2_PLACEMENT_3D('',#3732,#3733,#3734);
#3732 = CARTESIAN_POINT('',(33.65,-97.35,1.51));
#3733 = DIRECTION('',(-0.,0.,-1.));
#3734 = DIRECTION('',(-0.,-1.,0.));
#3735 = ORIENTED_EDGE('',*,*,#3736,.F.);
#3736 = EDGE_CURVE('',#3737,#3728,#3739,.T.);
#3737 = VERTEX_POINT('',#3738);
#3738 = CARTESIAN_POINT('',(30.8,-95.6,1.51));
#3739 = CIRCLE('',#3740,15.477725317614);
#3740 = AXIS2_PLACEMENT_3D('',#3741,#3742,#3743);
#3741 = CARTESIAN_POINT('',(37.400000682386,-81.600001,1.51));
#3742 = DIRECTION('',(0.,0.,1.));
#3743 = DIRECTION('',(-0.42641929269,-0.904525614243,0.));
#3744 = ORIENTED_EDGE('',*,*,#3745,.F.);
#3745 = EDGE_CURVE('',#3746,#3737,#3748,.T.);
#3746 = VERTEX_POINT('',#3747);
#3747 = CARTESIAN_POINT('',(30.577889,-96.075957,1.51));
#3748 = LINE('',#3749,#3750);
#3749 = CARTESIAN_POINT('',(30.577889,-96.075957,1.51));
#3750 = VECTOR('',#3751,1.);
#3751 = DIRECTION('',(0.422881921532,0.90618479376,0.));
#3752 = ORIENTED_EDGE('',*,*,#3753,.F.);
#3753 = EDGE_CURVE('',#3754,#3746,#3756,.T.);
#3754 = VERTEX_POINT('',#3755);
#3755 = CARTESIAN_POINT('',(32.897708,-101.548666,1.51));
#3756 = CIRCLE('',#3757,3.999974268396);
#3757 = AXIS2_PLACEMENT_3D('',#3758,#3759,#3760);
#3758 = CARTESIAN_POINT('',(34.202584868908,-97.76751663706,1.51));
#3759 = DIRECTION('',(0.,0.,-1.));
#3760 = DIRECTION('',(-0.326221315776,-0.945293421713,-0.));
#3761 = ORIENTED_EDGE('',*,*,#3762,.F.);
#3762 = EDGE_CURVE('',#3763,#3754,#3765,.T.);
#3763 = VERTEX_POINT('',#3764);
#3764 = CARTESIAN_POINT('',(32.945423,-101.565969,1.51));
#3765 = LINE('',#3766,#3767);
#3766 = CARTESIAN_POINT('',(32.945423,-101.565969,1.51));
#3767 = VECTOR('',#3768,1.);
#3768 = DIRECTION('',(-0.940096210582,0.340909247233,0.));
#3769 = ORIENTED_EDGE('',*,*,#3770,.F.);
#3770 = EDGE_CURVE('',#3771,#3763,#3773,.T.);
#3771 = VERTEX_POINT('',#3772);
#3772 = CARTESIAN_POINT('',(35.941588,-106.146869,1.51));
#3773 = CIRCLE('',#3774,4.999998859734);
#3774 = AXIS2_PLACEMENT_3D('',#3775,#3776,#3777);
#3775 = CARTESIAN_POINT('',(30.941589140266,-106.1468683068,1.51));
#3776 = DIRECTION('',(0.,0.,1.));
#3777 = DIRECTION('',(1.,-1.386207205849E-07,0.));
#3778 = ORIENTED_EDGE('',*,*,#3779,.F.);
#3779 = EDGE_CURVE('',#3780,#3771,#3782,.T.);
#3780 = VERTEX_POINT('',#3781);
#3781 = CARTESIAN_POINT('',(35.941588,-109.091589,1.51));
#3782 = LINE('',#3783,#3784);
#3783 = CARTESIAN_POINT('',(35.941588,-109.091589,1.51));
#3784 = VECTOR('',#3785,1.);
#3785 = DIRECTION('',(0.,1.,0.));
#3786 = ORIENTED_EDGE('',*,*,#3787,.F.);
#3787 = EDGE_CURVE('',#3788,#3780,#3790,.T.);
#3788 = VERTEX_POINT('',#3789);
#3789 = CARTESIAN_POINT('',(36.441588,-109.591589,1.51));
#3790 = CIRCLE('',#3791,0.500009869434);
#3791 = AXIS2_PLACEMENT_3D('',#3792,#3793,#3794);
#3792 = CARTESIAN_POINT('',(36.441597869337,-109.0915791306,1.51));
#3793 = DIRECTION('',(0.,0.,-1.));
#3794 = DIRECTION('',(-1.973828379017E-05,-0.999999999805,-0.));
#3795 = ORIENTED_EDGE('',*,*,#3796,.F.);
#3796 = EDGE_CURVE('',#3797,#3788,#3799,.T.);
#3797 = VERTEX_POINT('',#3798);
#3798 = CARTESIAN_POINT('',(37.441588,-109.591589,1.51));
#3799 = LINE('',#3800,#3801);
#3800 = CARTESIAN_POINT('',(37.441588,-109.591589,1.51));
#3801 = VECTOR('',#3802,1.);
#3802 = DIRECTION('',(-1.,0.,0.));
#3803 = ORIENTED_EDGE('',*,*,#3804,.F.);
#3804 = EDGE_CURVE('',#3805,#3797,#3807,.T.);
#3805 = VERTEX_POINT('',#3806);
#3806 = CARTESIAN_POINT('',(37.441588,-111.591589,1.51));
#3807 = CIRCLE('',#3808,1.);
#3808 = AXIS2_PLACEMENT_3D('',#3809,#3810,#3811);
#3809 = CARTESIAN_POINT('',(37.441588,-110.591589,1.51));
#3810 = DIRECTION('',(0.,0.,1.));
#3811 = DIRECTION('',(-0.,-1.,0.));
#3812 = ORIENTED_EDGE('',*,*,#3813,.F.);
#3813 = EDGE_CURVE('',#3814,#3805,#3816,.T.);
#3814 = VERTEX_POINT('',#3815);
#3815 = CARTESIAN_POINT('',(36.441588,-111.591589,1.51));
#3816 = LINE('',#3817,#3818);
#3817 = CARTESIAN_POINT('',(36.441588,-111.591589,1.51));
#3818 = VECTOR('',#3819,1.);
#3819 = DIRECTION('',(1.,0.,0.));
#3820 = ORIENTED_EDGE('',*,*,#3821,.F.);
#3821 = EDGE_CURVE('',#3822,#3814,#3824,.T.);
#3822 = VERTEX_POINT('',#3823);
#3823 = CARTESIAN_POINT('',(35.941588,-112.091589,1.51));
#3824 = CIRCLE('',#3825,0.499992798201);
#3825 = AXIS2_PLACEMENT_3D('',#3826,#3827,#3828);
#3826 = CARTESIAN_POINT('',(36.441580798149,-112.0915817981,1.51));
#3827 = DIRECTION('',(0.,0.,-1.));
#3828 = DIRECTION('',(-0.999999999896,-1.44039088535E-05,-0.));
#3829 = ORIENTED_EDGE('',*,*,#3830,.F.);
#3830 = EDGE_CURVE('',#3831,#3822,#3833,.T.);
#3831 = VERTEX_POINT('',#3832);
#3832 = CARTESIAN_POINT('',(35.941588,-112.591589,1.51));
#3833 = LINE('',#3834,#3835);
#3834 = CARTESIAN_POINT('',(35.941588,-112.591589,1.51));
#3835 = VECTOR('',#3836,1.);
#3836 = DIRECTION('',(0.,1.,0.));
#3837 = ORIENTED_EDGE('',*,*,#3838,.F.);
#3838 = EDGE_CURVE('',#3839,#3831,#3841,.T.);
#3839 = VERTEX_POINT('',#3840);
#3840 = CARTESIAN_POINT('',(36.441588,-113.091589,1.51));
#3841 = CIRCLE('',#3842,0.500009869434);
#3842 = AXIS2_PLACEMENT_3D('',#3843,#3844,#3845);
#3843 = CARTESIAN_POINT('',(36.441597869337,-112.5915791306,1.51));
#3844 = DIRECTION('',(0.,0.,-1.));
#3845 = DIRECTION('',(-1.973828379017E-05,-0.999999999805,-0.));
#3846 = ORIENTED_EDGE('',*,*,#3847,.F.);
#3847 = EDGE_CURVE('',#3848,#3839,#3850,.T.);
#3848 = VERTEX_POINT('',#3849);
#3849 = CARTESIAN_POINT('',(52.216588,-113.091589,1.51));
#3850 = LINE('',#3851,#3852);
#3851 = CARTESIAN_POINT('',(52.216588,-113.091589,1.51));
#3852 = VECTOR('',#3853,1.);
#3853 = DIRECTION('',(-1.,0.,0.));
#3854 = ORIENTED_EDGE('',*,*,#3855,.F.);
#3855 = EDGE_CURVE('',#3856,#3848,#3858,.T.);
#3856 = VERTEX_POINT('',#3857);
#3857 = CARTESIAN_POINT('',(52.716588,-112.591589,1.51));
#3858 = CIRCLE('',#3859,0.500001333498);
#3859 = AXIS2_PLACEMENT_3D('',#3860,#3861,#3862);
#3860 = CARTESIAN_POINT('',(52.216586666504,-112.5915876665,1.51));
#3861 = DIRECTION('',(0.,0.,-1.));
#3862 = DIRECTION('',(0.999999999996,-2.666984691454E-06,0.));
#3863 = ORIENTED_EDGE('',*,*,#3864,.F.);
#3864 = EDGE_CURVE('',#3865,#3856,#3867,.T.);
#3865 = VERTEX_POINT('',#3866);
#3866 = CARTESIAN_POINT('',(52.716588,-112.091589,1.51));
#3867 = LINE('',#3868,#3869);
#3868 = CARTESIAN_POINT('',(52.716588,-112.091589,1.51));
#3869 = VECTOR('',#3870,1.);
#3870 = DIRECTION('',(0.,-1.,0.));
#3871 = ORIENTED_EDGE('',*,*,#3872,.F.);
#3872 = EDGE_CURVE('',#3873,#3865,#3875,.T.);
#3873 = VERTEX_POINT('',#3874);
#3874 = CARTESIAN_POINT('',(52.216588,-111.591589,1.51));
#3875 = CIRCLE('',#3876,0.499909177585);
#3876 = AXIS2_PLACEMENT_3D('',#3877,#3878,#3879);
#3877 = CARTESIAN_POINT('',(52.216678830667,-112.0914981693,1.51));
#3878 = DIRECTION('',(0.,0.,-1.));
#3879 = DIRECTION('',(-1.816943380758E-04,0.999999983494,0.));
#3880 = ORIENTED_EDGE('',*,*,#3881,.F.);
#3881 = EDGE_CURVE('',#3882,#3873,#3884,.T.);
#3882 = VERTEX_POINT('',#3883);
#3883 = CARTESIAN_POINT('',(51.216588,-111.591589,1.51));
#3884 = LINE('',#3885,#3886);
#3885 = CARTESIAN_POINT('',(51.216588,-111.591589,1.51));
#3886 = VECTOR('',#3887,1.);
#3887 = DIRECTION('',(1.,0.,0.));
#3888 = ORIENTED_EDGE('',*,*,#3889,.F.);
#3889 = EDGE_CURVE('',#3890,#3882,#3892,.T.);
#3890 = VERTEX_POINT('',#3891);
#3891 = CARTESIAN_POINT('',(51.216588,-109.591589,1.51));
#3892 = CIRCLE('',#3893,1.000000000018);
#3893 = AXIS2_PLACEMENT_3D('',#3894,#3895,#3896);
#3894 = CARTESIAN_POINT('',(51.216582000016,-110.591589,1.51));
#3895 = DIRECTION('',(0.,0.,1.));
#3896 = DIRECTION('',(5.999983997532E-06,0.999999999982,-0.));
#3897 = ORIENTED_EDGE('',*,*,#3898,.F.);
#3898 = EDGE_CURVE('',#3899,#3890,#3901,.T.);
#3899 = VERTEX_POINT('',#3900);
#3900 = CARTESIAN_POINT('',(52.216588,-109.591589,1.51));
#3901 = LINE('',#3902,#3903);
#3902 = CARTESIAN_POINT('',(52.216588,-109.591589,1.51));
#3903 = VECTOR('',#3904,1.);
#3904 = DIRECTION('',(-1.,0.,0.));
#3905 = ORIENTED_EDGE('',*,*,#3906,.F.);
#3906 = EDGE_CURVE('',#3907,#3899,#3909,.T.);
#3907 = VERTEX_POINT('',#3908);
#3908 = CARTESIAN_POINT('',(52.716588,-109.091589,1.51));
#3909 = CIRCLE('',#3910,0.500001333498);
#3910 = AXIS2_PLACEMENT_3D('',#3911,#3912,#3913);
#3911 = CARTESIAN_POINT('',(52.216586666504,-109.0915876665,1.51));
#3912 = DIRECTION('',(0.,0.,-1.));
#3913 = DIRECTION('',(0.999999999996,-2.666984691454E-06,0.));
#3914 = ORIENTED_EDGE('',*,*,#3915,.F.);
#3915 = EDGE_CURVE('',#3916,#3907,#3918,.T.);
#3916 = VERTEX_POINT('',#3917);
#3917 = CARTESIAN_POINT('',(52.716588,-108.591589,1.51));
#3918 = LINE('',#3919,#3920);
#3919 = CARTESIAN_POINT('',(52.716588,-108.591589,1.51));
#3920 = VECTOR('',#3921,1.);
#3921 = DIRECTION('',(0.,-1.,0.));
#3922 = ORIENTED_EDGE('',*,*,#3923,.F.);
#3923 = EDGE_CURVE('',#3924,#3916,#3926,.T.);
#3924 = VERTEX_POINT('',#3925);
#3925 = CARTESIAN_POINT('',(53.716588,-107.591589,1.51));
#3926 = CIRCLE('',#3927,0.999999252886);
#3927 = AXIS2_PLACEMENT_3D('',#3928,#3929,#3930);
#3928 = CARTESIAN_POINT('',(53.716587252886,-108.5915882528,1.51));
#3929 = DIRECTION('',(0.,0.,1.));
#3930 = DIRECTION('',(7.471143743256E-07,1.,-0.));
#3931 = ORIENTED_EDGE('',*,*,#3932,.F.);
#3932 = EDGE_CURVE('',#3933,#3924,#3935,.T.);
#3933 = VERTEX_POINT('',#3934);
#3934 = CARTESIAN_POINT('',(72.,-107.6,1.51));
#3935 = LINE('',#3936,#3937);
#3936 = CARTESIAN_POINT('',(72.,-107.6,1.51));
#3937 = VECTOR('',#3938,1.);
#3938 = DIRECTION('',(-0.999999894184,4.600344350375E-04,0.));
#3939 = ORIENTED_EDGE('',*,*,#3940,.F.);
#3940 = EDGE_CURVE('',#3941,#3933,#3943,.T.);
#3941 = VERTEX_POINT('',#3942);
#3942 = CARTESIAN_POINT('',(72.,-55.6,1.51));
#3943 = CIRCLE('',#3944,26.);
#3944 = AXIS2_PLACEMENT_3D('',#3945,#3946,#3947);
#3945 = CARTESIAN_POINT('',(72.,-81.6,1.51));
#3946 = DIRECTION('',(0.,0.,-1.));
#3947 = DIRECTION('',(0.,1.,0.));
#3948 = ORIENTED_EDGE('',*,*,#3949,.F.);
#3949 = EDGE_CURVE('',#3950,#3941,#3952,.T.);
#3950 = VERTEX_POINT('',#3951);
#3951 = CARTESIAN_POINT('',(54.675,-55.6,1.51));
#3952 = LINE('',#3953,#3954);
#3953 = CARTESIAN_POINT('',(54.675,-55.6,1.51));
#3954 = VECTOR('',#3955,1.);
#3955 = DIRECTION('',(1.,0.,0.));
#3956 = ORIENTED_EDGE('',*,*,#3957,.F.);
#3957 = EDGE_CURVE('',#3958,#3950,#3960,.T.);
#3958 = VERTEX_POINT('',#3959);
#3959 = CARTESIAN_POINT('',(53.675,-54.6,1.51));
#3960 = CIRCLE('',#3961,0.999999252925);
#3961 = AXIS2_PLACEMENT_3D('',#3962,#3963,#3964);
#3962 = CARTESIAN_POINT('',(54.674999252925,-54.60000074707,1.51));
#3963 = DIRECTION('',(0.,0.,1.));
#3964 = DIRECTION('',(-1.,7.470757420593E-07,0.));
#3965 = ORIENTED_EDGE('',*,*,#3966,.F.);
#3966 = EDGE_CURVE('',#3967,#3958,#3969,.T.);
#3967 = VERTEX_POINT('',#3968);
#3968 = CARTESIAN_POINT('',(53.675,-54.1,1.51));
#3969 = LINE('',#3970,#3971);
#3970 = CARTESIAN_POINT('',(53.675,-54.1,1.51));
#3971 = VECTOR('',#3972,1.);
#3972 = DIRECTION('',(0.,-1.,0.));
#3973 = ORIENTED_EDGE('',*,*,#3974,.F.);
#3974 = EDGE_CURVE('',#3975,#3967,#3977,.T.);
#3975 = VERTEX_POINT('',#3976);
#3976 = CARTESIAN_POINT('',(53.175,-53.6,1.51));
#3977 = CIRCLE('',#3978,0.500001333575);
#3978 = AXIS2_PLACEMENT_3D('',#3979,#3980,#3981);
#3979 = CARTESIAN_POINT('',(53.174998666427,-54.10000133357,1.51));
#3980 = DIRECTION('',(0.,0.,-1.));
#3981 = DIRECTION('',(2.667139162621E-06,0.999999999996,0.));
#3982 = ORIENTED_EDGE('',*,*,#3983,.F.);
#3983 = EDGE_CURVE('',#3984,#3975,#3986,.T.);
#3984 = VERTEX_POINT('',#3985);
#3985 = CARTESIAN_POINT('',(52.175,-53.6,1.51));
#3986 = LINE('',#3987,#3988);
#3987 = CARTESIAN_POINT('',(52.175,-53.6,1.51));
#3988 = VECTOR('',#3989,1.);
#3989 = DIRECTION('',(1.,0.,0.));
#3990 = ORIENTED_EDGE('',*,*,#3991,.F.);
#3991 = EDGE_CURVE('',#3992,#3984,#3994,.T.);
#3992 = VERTEX_POINT('',#3993);
#3993 = CARTESIAN_POINT('',(52.175,-51.6,1.51));
#3994 = CIRCLE('',#3995,1.);
#3995 = AXIS2_PLACEMENT_3D('',#3996,#3997,#3998);
#3996 = CARTESIAN_POINT('',(52.175,-52.6,1.51));
#3997 = DIRECTION('',(0.,-0.,1.));
#3998 = DIRECTION('',(0.,1.,0.));
#3999 = ORIENTED_EDGE('',*,*,#4000,.F.);
#4000 = EDGE_CURVE('',#4001,#3992,#4003,.T.);
#4001 = VERTEX_POINT('',#4002);
#4002 = CARTESIAN_POINT('',(53.175,-51.6,1.51));
#4003 = LINE('',#4004,#4005);
#4004 = CARTESIAN_POINT('',(53.175,-51.6,1.51));
#4005 = VECTOR('',#4006,1.);
#4006 = DIRECTION('',(-1.,0.,0.));
#4007 = ORIENTED_EDGE('',*,*,#4008,.F.);
#4008 = EDGE_CURVE('',#2935,#4001,#4009,.T.);
#4009 = CIRCLE('',#4010,0.500001333575);
#4010 = AXIS2_PLACEMENT_3D('',#4011,#4012,#4013);
#4011 = CARTESIAN_POINT('',(53.174998666427,-51.09999866642,1.51));
#4012 = DIRECTION('',(0.,0.,-1.));
#4013 = DIRECTION('',(0.999999999996,-2.667139176832E-06,0.));
#4014 = ORIENTED_EDGE('',*,*,#2934,.F.);
#4015 = FACE_BOUND('',#4016,.T.);
#4016 = EDGE_LOOP('',(#4017));
#4017 = ORIENTED_EDGE('',*,*,#4018,.T.);
#4018 = EDGE_CURVE('',#4019,#4019,#4021,.T.);
#4019 = VERTEX_POINT('',#4020);
#4020 = CARTESIAN_POINT('',(49.208,-106.484,1.51));
#4021 = CIRCLE('',#4022,0.5);
#4022 = AXIS2_PLACEMENT_3D('',#4023,#4024,#4025);
#4023 = CARTESIAN_POINT('',(49.208,-105.984,1.51));
#4024 = DIRECTION('',(-0.,0.,-1.));
#4025 = DIRECTION('',(-0.,-1.,0.));
#4026 = FACE_BOUND('',#4027,.T.);
#4027 = EDGE_LOOP('',(#4028));
#4028 = ORIENTED_EDGE('',*,*,#4029,.T.);
#4029 = EDGE_CURVE('',#4030,#4030,#4032,.T.);
#4030 = VERTEX_POINT('',#4031);
#4031 = CARTESIAN_POINT('',(51.748,-106.484,1.51));
#4032 = CIRCLE('',#4033,0.5);
#4033 = AXIS2_PLACEMENT_3D('',#4034,#4035,#4036);
#4034 = CARTESIAN_POINT('',(51.748,-105.984,1.51));
#4035 = DIRECTION('',(-0.,0.,-1.));
#4036 = DIRECTION('',(-0.,-1.,0.));
#4037 = FACE_BOUND('',#4038,.T.);
#4038 = EDGE_LOOP('',(#4039));
#4039 = ORIENTED_EDGE('',*,*,#4040,.T.);
#4040 = EDGE_CURVE('',#4041,#4041,#4043,.T.);
#4041 = VERTEX_POINT('',#4042);
#4042 = CARTESIAN_POINT('',(54.288,-106.484,1.51));
#4043 = CIRCLE('',#4044,0.5);
#4044 = AXIS2_PLACEMENT_3D('',#4045,#4046,#4047);
#4045 = CARTESIAN_POINT('',(54.288,-105.984,1.51));
#4046 = DIRECTION('',(-0.,0.,-1.));
#4047 = DIRECTION('',(-0.,-1.,0.));
#4048 = FACE_BOUND('',#4049,.T.);
#4049 = EDGE_LOOP('',(#4050));
#4050 = ORIENTED_EDGE('',*,*,#4051,.T.);
#4051 = EDGE_CURVE('',#4052,#4052,#4054,.T.);
#4052 = VERTEX_POINT('',#4053);
#4053 = CARTESIAN_POINT('',(56.828,-106.484,1.51));
#4054 = CIRCLE('',#4055,0.5);
#4055 = AXIS2_PLACEMENT_3D('',#4056,#4057,#4058);
#4056 = CARTESIAN_POINT('',(56.828,-105.984,1.51));
#4057 = DIRECTION('',(-0.,0.,-1.));
#4058 = DIRECTION('',(-0.,-1.,0.));
#4059 = FACE_BOUND('',#4060,.T.);
#4060 = EDGE_LOOP('',(#4061));
#4061 = ORIENTED_EDGE('',*,*,#4062,.T.);
#4062 = EDGE_CURVE('',#4063,#4063,#4065,.T.);
#4063 = VERTEX_POINT('',#4064);
#4064 = CARTESIAN_POINT('',(72.4,-96.35,1.51));
#4065 = CIRCLE('',#4066,1.75);
#4066 = AXIS2_PLACEMENT_3D('',#4067,#4068,#4069);
#4067 = CARTESIAN_POINT('',(72.4,-94.6,1.51));
#4068 = DIRECTION('',(-0.,0.,-1.));
#4069 = DIRECTION('',(-0.,-1.,0.));
#4070 = FACE_BOUND('',#4071,.T.);
#4071 = EDGE_LOOP('',(#4072));
#4072 = ORIENTED_EDGE('',*,*,#4073,.T.);
#4073 = EDGE_CURVE('',#4074,#4074,#4076,.T.);
#4074 = VERTEX_POINT('',#4075);
#4075 = CARTESIAN_POINT('',(87.876,-85.91,1.51));
#4076 = CIRCLE('',#4077,0.5);
#4077 = AXIS2_PLACEMENT_3D('',#4078,#4079,#4080);
#4078 = CARTESIAN_POINT('',(87.876,-85.41,1.51));
#4079 = DIRECTION('',(-0.,0.,-1.));
#4080 = DIRECTION('',(-0.,-1.,0.));
#4081 = FACE_BOUND('',#4082,.T.);
#4082 = EDGE_LOOP('',(#4083));
#4083 = ORIENTED_EDGE('',*,*,#4084,.T.);
#4084 = EDGE_CURVE('',#4085,#4085,#4087,.T.);
#4085 = VERTEX_POINT('',#4086);
#4086 = CARTESIAN_POINT('',(87.876,-83.37,1.51));
#4087 = CIRCLE('',#4088,0.5);
#4088 = AXIS2_PLACEMENT_3D('',#4089,#4090,#4091);
#4089 = CARTESIAN_POINT('',(87.876,-82.87,1.51));
#4090 = DIRECTION('',(-0.,0.,-1.));
#4091 = DIRECTION('',(-0.,-1.,0.));
#4092 = FACE_BOUND('',#4093,.T.);
#4093 = EDGE_LOOP('',(#4094));
#4094 = ORIENTED_EDGE('',*,*,#4095,.T.);
#4095 = EDGE_CURVE('',#4096,#4096,#4098,.T.);
#4096 = VERTEX_POINT('',#4097);
#4097 = CARTESIAN_POINT('',(49.208,-57.716,1.51));
#4098 = CIRCLE('',#4099,0.5);
#4099 = AXIS2_PLACEMENT_3D('',#4100,#4101,#4102);
#4100 = CARTESIAN_POINT('',(49.208,-57.216,1.51));
#4101 = DIRECTION('',(-0.,0.,-1.));
#4102 = DIRECTION('',(-0.,-1.,0.));
#4103 = FACE_BOUND('',#4104,.T.);
#4104 = EDGE_LOOP('',(#4105));
#4105 = ORIENTED_EDGE('',*,*,#4106,.T.);
#4106 = EDGE_CURVE('',#4107,#4107,#4109,.T.);
#4107 = VERTEX_POINT('',#4108);
#4108 = CARTESIAN_POINT('',(51.748,-57.716,1.51));
#4109 = CIRCLE('',#4110,0.5);
#4110 = AXIS2_PLACEMENT_3D('',#4111,#4112,#4113);
#4111 = CARTESIAN_POINT('',(51.748,-57.216,1.51));
#4112 = DIRECTION('',(-0.,0.,-1.));
#4113 = DIRECTION('',(-0.,-1.,0.));
#4114 = FACE_BOUND('',#4115,.T.);
#4115 = EDGE_LOOP('',(#4116));
#4116 = ORIENTED_EDGE('',*,*,#4117,.T.);
#4117 = EDGE_CURVE('',#4118,#4118,#4120,.T.);
#4118 = VERTEX_POINT('',#4119);
#4119 = CARTESIAN_POINT('',(54.288,-57.716,1.51));
#4120 = CIRCLE('',#4121,0.5);
#4121 = AXIS2_PLACEMENT_3D('',#4122,#4123,#4124);
#4122 = CARTESIAN_POINT('',(54.288,-57.216,1.51));
#4123 = DIRECTION('',(-0.,0.,-1.));
#4124 = DIRECTION('',(-0.,-1.,0.));
#4125 = FACE_BOUND('',#4126,.T.);
#4126 = EDGE_LOOP('',(#4127));
#4127 = ORIENTED_EDGE('',*,*,#4128,.T.);
#4128 = EDGE_CURVE('',#4129,#4129,#4131,.T.);
#4129 = VERTEX_POINT('',#4130);
#4130 = CARTESIAN_POINT('',(56.828,-57.716,1.51));
#4131 = CIRCLE('',#4132,0.5);
#4132 = AXIS2_PLACEMENT_3D('',#4133,#4134,#4135);
#4133 = CARTESIAN_POINT('',(56.828,-57.216,1.51));
#4134 = DIRECTION('',(-0.,0.,-1.));
#4135 = DIRECTION('',(-0.,-1.,0.));
#4136 = FACE_BOUND('',#4137,.T.);
#4137 = EDGE_LOOP('',(#4138));
#4138 = ORIENTED_EDGE('',*,*,#4139,.T.);
#4139 = EDGE_CURVE('',#4140,#4140,#4142,.T.);
#4140 = VERTEX_POINT('',#4141);
#4141 = CARTESIAN_POINT('',(87.876,-80.83,1.51));
#4142 = CIRCLE('',#4143,0.5);
#4143 = AXIS2_PLACEMENT_3D('',#4144,#4145,#4146);
#4144 = CARTESIAN_POINT('',(87.876,-80.33,1.51));
#4145 = DIRECTION('',(-0.,0.,-1.));
#4146 = DIRECTION('',(-0.,-1.,0.));
#4147 = FACE_BOUND('',#4148,.T.);
#4148 = EDGE_LOOP('',(#4149));
#4149 = ORIENTED_EDGE('',*,*,#4150,.T.);
#4150 = EDGE_CURVE('',#4151,#4151,#4153,.T.);
#4151 = VERTEX_POINT('',#4152);
#4152 = CARTESIAN_POINT('',(87.876,-78.29,1.51));
#4153 = CIRCLE('',#4154,0.5);
#4154 = AXIS2_PLACEMENT_3D('',#4155,#4156,#4157);
#4155 = CARTESIAN_POINT('',(87.876,-77.79,1.51));
#4156 = DIRECTION('',(-0.,0.,-1.));
#4157 = DIRECTION('',(-0.,-1.,0.));
#4158 = FACE_BOUND('',#4159,.T.);
#4159 = EDGE_LOOP('',(#4160));
#4160 = ORIENTED_EDGE('',*,*,#4161,.T.);
#4161 = EDGE_CURVE('',#4162,#4162,#4164,.T.);
#4162 = VERTEX_POINT('',#4163);
#4163 = CARTESIAN_POINT('',(72.4,-70.39,1.51));
#4164 = CIRCLE('',#4165,1.75);
#4165 = AXIS2_PLACEMENT_3D('',#4166,#4167,#4168);
#4166 = CARTESIAN_POINT('',(72.4,-68.64,1.51));
#4167 = DIRECTION('',(-0.,0.,-1.));
#4168 = DIRECTION('',(-0.,-1.,0.));
#4169 = PLANE('',#4170);
#4170 = AXIS2_PLACEMENT_3D('',#4171,#4172,#4173);
#4171 = CARTESIAN_POINT('',(0.,0.,1.51));
#4172 = DIRECTION('',(0.,0.,1.));
#4173 = DIRECTION('',(1.,0.,-0.));
#4174 = ADVANCED_FACE('',(#4175),#4186,.T.);
#4175 = FACE_BOUND('',#4176,.T.);
#4176 = EDGE_LOOP('',(#4177,#4183,#4184,#4185));
#4177 = ORIENTED_EDGE('',*,*,#4178,.T.);
#4178 = EDGE_CURVE('',#2967,#3574,#4179,.T.);
#4179 = LINE('',#4180,#4181);
#4180 = CARTESIAN_POINT('',(36.9,-50.6,0.));
#4181 = VECTOR('',#4182,1.);
#4182 = DIRECTION('',(0.,0.,1.));
#4183 = ORIENTED_EDGE('',*,*,#3573,.T.);
#4184 = ORIENTED_EDGE('',*,*,#2902,.F.);
#4185 = ORIENTED_EDGE('',*,*,#2966,.F.);
#4186 = CYLINDRICAL_SURFACE('',#4187,0.500001333575);
#4187 = AXIS2_PLACEMENT_3D('',#4188,#4189,#4190);
#4188 = CARTESIAN_POINT('',(37.400001333573,-50.60000133357,0.));
#4189 = DIRECTION('',(0.,0.,-1.));
#4190 = DIRECTION('',(-0.999999999996,2.667139205253E-06,0.));
#4191 = ADVANCED_FACE('',(#4192),#4203,.T.);
#4192 = FACE_BOUND('',#4193,.T.);
#4193 = EDGE_LOOP('',(#4194,#4195,#4196,#4202));
#4194 = ORIENTED_EDGE('',*,*,#2942,.T.);
#4195 = ORIENTED_EDGE('',*,*,#4008,.T.);
#4196 = ORIENTED_EDGE('',*,*,#4197,.F.);
#4197 = EDGE_CURVE('',#3394,#4001,#4198,.T.);
#4198 = LINE('',#4199,#4200);
#4199 = CARTESIAN_POINT('',(53.175,-51.6,0.));
#4200 = VECTOR('',#4201,1.);
#4201 = DIRECTION('',(0.,0.,1.));
#4202 = ORIENTED_EDGE('',*,*,#3401,.F.);
#4203 = CYLINDRICAL_SURFACE('',#4204,0.500001333575);
#4204 = AXIS2_PLACEMENT_3D('',#4205,#4206,#4207);
#4205 = CARTESIAN_POINT('',(53.174998666427,-51.09999866642,0.));
#4206 = DIRECTION('',(0.,0.,-1.));
#4207 = DIRECTION('',(0.999999999996,-2.667139176832E-06,0.));
#4208 = ADVANCED_FACE('',(#4209),#4220,.T.);
#4209 = FACE_BOUND('',#4210,.T.);
#4210 = EDGE_LOOP('',(#4211,#4212,#4213,#4219));
#4211 = ORIENTED_EDGE('',*,*,#4197,.T.);
#4212 = ORIENTED_EDGE('',*,*,#4000,.T.);
#4213 = ORIENTED_EDGE('',*,*,#4214,.F.);
#4214 = EDGE_CURVE('',#3385,#3992,#4215,.T.);
#4215 = LINE('',#4216,#4217);
#4216 = CARTESIAN_POINT('',(52.175,-51.6,0.));
#4217 = VECTOR('',#4218,1.);
#4218 = DIRECTION('',(0.,0.,1.));
#4219 = ORIENTED_EDGE('',*,*,#3393,.F.);
#4220 = PLANE('',#4221);
#4221 = AXIS2_PLACEMENT_3D('',#4222,#4223,#4224);
#4222 = CARTESIAN_POINT('',(53.175,-51.6,0.));
#4223 = DIRECTION('',(0.,-1.,0.));
#4224 = DIRECTION('',(-1.,0.,0.));
#4225 = ADVANCED_FACE('',(#4226),#4237,.F.);
#4226 = FACE_BOUND('',#4227,.T.);
#4227 = EDGE_LOOP('',(#4228,#4229,#4230,#4236));
#4228 = ORIENTED_EDGE('',*,*,#4214,.T.);
#4229 = ORIENTED_EDGE('',*,*,#3991,.T.);
#4230 = ORIENTED_EDGE('',*,*,#4231,.F.);
#4231 = EDGE_CURVE('',#3377,#3984,#4232,.T.);
#4232 = LINE('',#4233,#4234);
#4233 = CARTESIAN_POINT('',(52.175,-53.6,0.));
#4234 = VECTOR('',#4235,1.);
#4235 = DIRECTION('',(0.,0.,1.));
#4236 = ORIENTED_EDGE('',*,*,#3384,.F.);
#4237 = CYLINDRICAL_SURFACE('',#4238,1.);
#4238 = AXIS2_PLACEMENT_3D('',#4239,#4240,#4241);
#4239 = CARTESIAN_POINT('',(52.175,-52.6,0.));
#4240 = DIRECTION('',(-0.,0.,-1.));
#4241 = DIRECTION('',(0.,1.,0.));
#4242 = ADVANCED_FACE('',(#4243),#4254,.T.);
#4243 = FACE_BOUND('',#4244,.T.);
#4244 = EDGE_LOOP('',(#4245,#4246,#4247,#4253));
#4245 = ORIENTED_EDGE('',*,*,#4231,.T.);
#4246 = ORIENTED_EDGE('',*,*,#3983,.T.);
#4247 = ORIENTED_EDGE('',*,*,#4248,.F.);
#4248 = EDGE_CURVE('',#3368,#3975,#4249,.T.);
#4249 = LINE('',#4250,#4251);
#4250 = CARTESIAN_POINT('',(53.175,-53.6,0.));
#4251 = VECTOR('',#4252,1.);
#4252 = DIRECTION('',(0.,0.,1.));
#4253 = ORIENTED_EDGE('',*,*,#3376,.F.);
#4254 = PLANE('',#4255);
#4255 = AXIS2_PLACEMENT_3D('',#4256,#4257,#4258);
#4256 = CARTESIAN_POINT('',(52.175,-53.6,0.));
#4257 = DIRECTION('',(0.,1.,0.));
#4258 = DIRECTION('',(1.,0.,0.));
#4259 = ADVANCED_FACE('',(#4260),#4271,.T.);
#4260 = FACE_BOUND('',#4261,.T.);
#4261 = EDGE_LOOP('',(#4262,#4263,#4264,#4270));
#4262 = ORIENTED_EDGE('',*,*,#4248,.T.);
#4263 = ORIENTED_EDGE('',*,*,#3974,.T.);
#4264 = ORIENTED_EDGE('',*,*,#4265,.F.);
#4265 = EDGE_CURVE('',#3360,#3967,#4266,.T.);
#4266 = LINE('',#4267,#4268);
#4267 = CARTESIAN_POINT('',(53.675,-54.1,0.));
#4268 = VECTOR('',#4269,1.);
#4269 = DIRECTION('',(0.,0.,1.));
#4270 = ORIENTED_EDGE('',*,*,#3367,.F.);
#4271 = CYLINDRICAL_SURFACE('',#4272,0.500001333575);
#4272 = AXIS2_PLACEMENT_3D('',#4273,#4274,#4275);
#4273 = CARTESIAN_POINT('',(53.174998666427,-54.10000133357,0.));
#4274 = DIRECTION('',(0.,0.,-1.));
#4275 = DIRECTION('',(2.667139162621E-06,0.999999999996,0.));
#4276 = ADVANCED_FACE('',(#4277),#4288,.T.);
#4277 = FACE_BOUND('',#4278,.T.);
#4278 = EDGE_LOOP('',(#4279,#4280,#4281,#4287));
#4279 = ORIENTED_EDGE('',*,*,#4265,.T.);
#4280 = ORIENTED_EDGE('',*,*,#3966,.T.);
#4281 = ORIENTED_EDGE('',*,*,#4282,.F.);
#4282 = EDGE_CURVE('',#3351,#3958,#4283,.T.);
#4283 = LINE('',#4284,#4285);
#4284 = CARTESIAN_POINT('',(53.675,-54.6,0.));
#4285 = VECTOR('',#4286,1.);
#4286 = DIRECTION('',(0.,0.,1.));
#4287 = ORIENTED_EDGE('',*,*,#3359,.F.);
#4288 = PLANE('',#4289);
#4289 = AXIS2_PLACEMENT_3D('',#4290,#4291,#4292);
#4290 = CARTESIAN_POINT('',(53.675,-54.1,0.));
#4291 = DIRECTION('',(1.,0.,-0.));
#4292 = DIRECTION('',(0.,-1.,0.));
#4293 = ADVANCED_FACE('',(#4294),#4305,.F.);
#4294 = FACE_BOUND('',#4295,.T.);
#4295 = EDGE_LOOP('',(#4296,#4297,#4298,#4304));
#4296 = ORIENTED_EDGE('',*,*,#4282,.T.);
#4297 = ORIENTED_EDGE('',*,*,#3957,.T.);
#4298 = ORIENTED_EDGE('',*,*,#4299,.F.);
#4299 = EDGE_CURVE('',#3343,#3950,#4300,.T.);
#4300 = LINE('',#4301,#4302);
#4301 = CARTESIAN_POINT('',(54.675,-55.6,0.));
#4302 = VECTOR('',#4303,1.);
#4303 = DIRECTION('',(0.,0.,1.));
#4304 = ORIENTED_EDGE('',*,*,#3350,.F.);
#4305 = CYLINDRICAL_SURFACE('',#4306,0.999999252925);
#4306 = AXIS2_PLACEMENT_3D('',#4307,#4308,#4309);
#4307 = CARTESIAN_POINT('',(54.674999252925,-54.60000074707,0.));
#4308 = DIRECTION('',(-0.,-0.,-1.));
#4309 = DIRECTION('',(-1.,7.470757420593E-07,0.));
#4310 = ADVANCED_FACE('',(#4311),#4322,.T.);
#4311 = FACE_BOUND('',#4312,.T.);
#4312 = EDGE_LOOP('',(#4313,#4314,#4315,#4321));
#4313 = ORIENTED_EDGE('',*,*,#4299,.T.);
#4314 = ORIENTED_EDGE('',*,*,#3949,.T.);
#4315 = ORIENTED_EDGE('',*,*,#4316,.F.);
#4316 = EDGE_CURVE('',#3334,#3941,#4317,.T.);
#4317 = LINE('',#4318,#4319);
#4318 = CARTESIAN_POINT('',(72.,-55.6,0.));
#4319 = VECTOR('',#4320,1.);
#4320 = DIRECTION('',(0.,0.,1.));
#4321 = ORIENTED_EDGE('',*,*,#3342,.F.);
#4322 = PLANE('',#4323);
#4323 = AXIS2_PLACEMENT_3D('',#4324,#4325,#4326);
#4324 = CARTESIAN_POINT('',(54.675,-55.6,0.));
#4325 = DIRECTION('',(0.,1.,0.));
#4326 = DIRECTION('',(1.,0.,0.));
#4327 = ADVANCED_FACE('',(#4328),#4339,.T.);
#4328 = FACE_BOUND('',#4329,.T.);
#4329 = EDGE_LOOP('',(#4330,#4331,#4332,#4338));
#4330 = ORIENTED_EDGE('',*,*,#4316,.T.);
#4331 = ORIENTED_EDGE('',*,*,#3940,.T.);
#4332 = ORIENTED_EDGE('',*,*,#4333,.F.);
#4333 = EDGE_CURVE('',#3326,#3933,#4334,.T.);
#4334 = LINE('',#4335,#4336);
#4335 = CARTESIAN_POINT('',(72.,-107.6,0.));
#4336 = VECTOR('',#4337,1.);
#4337 = DIRECTION('',(0.,0.,1.));
#4338 = ORIENTED_EDGE('',*,*,#3333,.F.);
#4339 = CYLINDRICAL_SURFACE('',#4340,26.);
#4340 = AXIS2_PLACEMENT_3D('',#4341,#4342,#4343);
#4341 = CARTESIAN_POINT('',(72.,-81.6,0.));
#4342 = DIRECTION('',(0.,0.,-1.));
#4343 = DIRECTION('',(0.,1.,0.));
#4344 = ADVANCED_FACE('',(#4345),#4356,.T.);
#4345 = FACE_BOUND('',#4346,.T.);
#4346 = EDGE_LOOP('',(#4347,#4348,#4349,#4355));
#4347 = ORIENTED_EDGE('',*,*,#4333,.T.);
#4348 = ORIENTED_EDGE('',*,*,#3932,.T.);
#4349 = ORIENTED_EDGE('',*,*,#4350,.F.);
#4350 = EDGE_CURVE('',#3317,#3924,#4351,.T.);
#4351 = LINE('',#4352,#4353);
#4352 = CARTESIAN_POINT('',(53.716588,-107.591589,0.));
#4353 = VECTOR('',#4354,1.);
#4354 = DIRECTION('',(0.,0.,1.));
#4355 = ORIENTED_EDGE('',*,*,#3325,.F.);
#4356 = PLANE('',#4357);
#4357 = AXIS2_PLACEMENT_3D('',#4358,#4359,#4360);
#4358 = CARTESIAN_POINT('',(72.,-107.6,0.));
#4359 = DIRECTION('',(-4.600344350375E-04,-0.999999894184,0.));
#4360 = DIRECTION('',(-0.999999894184,4.600344350375E-04,0.));
#4361 = ADVANCED_FACE('',(#4362),#4373,.F.);
#4362 = FACE_BOUND('',#4363,.T.);
#4363 = EDGE_LOOP('',(#4364,#4365,#4366,#4372));
#4364 = ORIENTED_EDGE('',*,*,#4350,.T.);
#4365 = ORIENTED_EDGE('',*,*,#3923,.T.);
#4366 = ORIENTED_EDGE('',*,*,#4367,.F.);
#4367 = EDGE_CURVE('',#3309,#3916,#4368,.T.);
#4368 = LINE('',#4369,#4370);
#4369 = CARTESIAN_POINT('',(52.716588,-108.591589,0.));
#4370 = VECTOR('',#4371,1.);
#4371 = DIRECTION('',(0.,0.,1.));
#4372 = ORIENTED_EDGE('',*,*,#3316,.F.);
#4373 = CYLINDRICAL_SURFACE('',#4374,0.999999252886);
#4374 = AXIS2_PLACEMENT_3D('',#4375,#4376,#4377);
#4375 = CARTESIAN_POINT('',(53.716587252886,-108.5915882528,0.));
#4376 = DIRECTION('',(-0.,-0.,-1.));
#4377 = DIRECTION('',(7.471143743256E-07,1.,-0.));
#4378 = ADVANCED_FACE('',(#4379),#4390,.T.);
#4379 = FACE_BOUND('',#4380,.T.);
#4380 = EDGE_LOOP('',(#4381,#4382,#4383,#4389));
#4381 = ORIENTED_EDGE('',*,*,#4367,.T.);
#4382 = ORIENTED_EDGE('',*,*,#3915,.T.);
#4383 = ORIENTED_EDGE('',*,*,#4384,.F.);
#4384 = EDGE_CURVE('',#3300,#3907,#4385,.T.);
#4385 = LINE('',#4386,#4387);
#4386 = CARTESIAN_POINT('',(52.716588,-109.091589,0.));
#4387 = VECTOR('',#4388,1.);
#4388 = DIRECTION('',(0.,0.,1.));
#4389 = ORIENTED_EDGE('',*,*,#3308,.F.);
#4390 = PLANE('',#4391);
#4391 = AXIS2_PLACEMENT_3D('',#4392,#4393,#4394);
#4392 = CARTESIAN_POINT('',(52.716588,-108.591589,0.));
#4393 = DIRECTION('',(1.,0.,-0.));
#4394 = DIRECTION('',(0.,-1.,0.));
#4395 = ADVANCED_FACE('',(#4396),#4407,.T.);
#4396 = FACE_BOUND('',#4397,.T.);
#4397 = EDGE_LOOP('',(#4398,#4399,#4400,#4406));
#4398 = ORIENTED_EDGE('',*,*,#4384,.T.);
#4399 = ORIENTED_EDGE('',*,*,#3906,.T.);
#4400 = ORIENTED_EDGE('',*,*,#4401,.F.);
#4401 = EDGE_CURVE('',#3292,#3899,#4402,.T.);
#4402 = LINE('',#4403,#4404);
#4403 = CARTESIAN_POINT('',(52.216588,-109.591589,0.));
#4404 = VECTOR('',#4405,1.);
#4405 = DIRECTION('',(0.,0.,1.));
#4406 = ORIENTED_EDGE('',*,*,#3299,.F.);
#4407 = CYLINDRICAL_SURFACE('',#4408,0.500001333498);
#4408 = AXIS2_PLACEMENT_3D('',#4409,#4410,#4411);
#4409 = CARTESIAN_POINT('',(52.216586666504,-109.0915876665,0.));
#4410 = DIRECTION('',(0.,0.,-1.));
#4411 = DIRECTION('',(0.999999999996,-2.666984691454E-06,0.));
#4412 = ADVANCED_FACE('',(#4413),#4424,.T.);
#4413 = FACE_BOUND('',#4414,.T.);
#4414 = EDGE_LOOP('',(#4415,#4416,#4417,#4423));
#4415 = ORIENTED_EDGE('',*,*,#4401,.T.);
#4416 = ORIENTED_EDGE('',*,*,#3898,.T.);
#4417 = ORIENTED_EDGE('',*,*,#4418,.F.);
#4418 = EDGE_CURVE('',#3283,#3890,#4419,.T.);
#4419 = LINE('',#4420,#4421);
#4420 = CARTESIAN_POINT('',(51.216588,-109.591589,0.));
#4421 = VECTOR('',#4422,1.);
#4422 = DIRECTION('',(0.,0.,1.));
#4423 = ORIENTED_EDGE('',*,*,#3291,.F.);
#4424 = PLANE('',#4425);
#4425 = AXIS2_PLACEMENT_3D('',#4426,#4427,#4428);
#4426 = CARTESIAN_POINT('',(52.216588,-109.591589,0.));
#4427 = DIRECTION('',(0.,-1.,0.));
#4428 = DIRECTION('',(-1.,0.,0.));
#4429 = ADVANCED_FACE('',(#4430),#4441,.F.);
#4430 = FACE_BOUND('',#4431,.T.);
#4431 = EDGE_LOOP('',(#4432,#4433,#4434,#4440));
#4432 = ORIENTED_EDGE('',*,*,#4418,.T.);
#4433 = ORIENTED_EDGE('',*,*,#3889,.T.);
#4434 = ORIENTED_EDGE('',*,*,#4435,.F.);
#4435 = EDGE_CURVE('',#3275,#3882,#4436,.T.);
#4436 = LINE('',#4437,#4438);
#4437 = CARTESIAN_POINT('',(51.216588,-111.591589,0.));
#4438 = VECTOR('',#4439,1.);
#4439 = DIRECTION('',(0.,0.,1.));
#4440 = ORIENTED_EDGE('',*,*,#3282,.F.);
#4441 = CYLINDRICAL_SURFACE('',#4442,1.000000000018);
#4442 = AXIS2_PLACEMENT_3D('',#4443,#4444,#4445);
#4443 = CARTESIAN_POINT('',(51.216582000016,-110.591589,0.));
#4444 = DIRECTION('',(-0.,-0.,-1.));
#4445 = DIRECTION('',(5.999983997532E-06,0.999999999982,-0.));
#4446 = ADVANCED_FACE('',(#4447),#4458,.T.);
#4447 = FACE_BOUND('',#4448,.T.);
#4448 = EDGE_LOOP('',(#4449,#4450,#4451,#4457));
#4449 = ORIENTED_EDGE('',*,*,#4435,.T.);
#4450 = ORIENTED_EDGE('',*,*,#3881,.T.);
#4451 = ORIENTED_EDGE('',*,*,#4452,.F.);
#4452 = EDGE_CURVE('',#3266,#3873,#4453,.T.);
#4453 = LINE('',#4454,#4455);
#4454 = CARTESIAN_POINT('',(52.216588,-111.591589,0.));
#4455 = VECTOR('',#4456,1.);
#4456 = DIRECTION('',(0.,0.,1.));
#4457 = ORIENTED_EDGE('',*,*,#3274,.F.);
#4458 = PLANE('',#4459);
#4459 = AXIS2_PLACEMENT_3D('',#4460,#4461,#4462);
#4460 = CARTESIAN_POINT('',(51.216588,-111.591589,0.));
#4461 = DIRECTION('',(0.,1.,0.));
#4462 = DIRECTION('',(1.,0.,0.));
#4463 = ADVANCED_FACE('',(#4464),#4475,.T.);
#4464 = FACE_BOUND('',#4465,.T.);
#4465 = EDGE_LOOP('',(#4466,#4467,#4468,#4474));
#4466 = ORIENTED_EDGE('',*,*,#4452,.T.);
#4467 = ORIENTED_EDGE('',*,*,#3872,.T.);
#4468 = ORIENTED_EDGE('',*,*,#4469,.F.);
#4469 = EDGE_CURVE('',#3258,#3865,#4470,.T.);
#4470 = LINE('',#4471,#4472);
#4471 = CARTESIAN_POINT('',(52.716588,-112.091589,0.));
#4472 = VECTOR('',#4473,1.);
#4473 = DIRECTION('',(0.,0.,1.));
#4474 = ORIENTED_EDGE('',*,*,#3265,.F.);
#4475 = CYLINDRICAL_SURFACE('',#4476,0.499909177585);
#4476 = AXIS2_PLACEMENT_3D('',#4477,#4478,#4479);
#4477 = CARTESIAN_POINT('',(52.216678830667,-112.0914981693,0.));
#4478 = DIRECTION('',(0.,0.,-1.));
#4479 = DIRECTION('',(-1.816943380758E-04,0.999999983494,0.));
#4480 = ADVANCED_FACE('',(#4481),#4492,.T.);
#4481 = FACE_BOUND('',#4482,.T.);
#4482 = EDGE_LOOP('',(#4483,#4484,#4485,#4491));
#4483 = ORIENTED_EDGE('',*,*,#4469,.T.);
#4484 = ORIENTED_EDGE('',*,*,#3864,.T.);
#4485 = ORIENTED_EDGE('',*,*,#4486,.F.);
#4486 = EDGE_CURVE('',#3249,#3856,#4487,.T.);
#4487 = LINE('',#4488,#4489);
#4488 = CARTESIAN_POINT('',(52.716588,-112.591589,0.));
#4489 = VECTOR('',#4490,1.);
#4490 = DIRECTION('',(0.,0.,1.));
#4491 = ORIENTED_EDGE('',*,*,#3257,.F.);
#4492 = PLANE('',#4493);
#4493 = AXIS2_PLACEMENT_3D('',#4494,#4495,#4496);
#4494 = CARTESIAN_POINT('',(52.716588,-112.091589,0.));
#4495 = DIRECTION('',(1.,0.,-0.));
#4496 = DIRECTION('',(0.,-1.,0.));
#4497 = ADVANCED_FACE('',(#4498),#4509,.T.);
#4498 = FACE_BOUND('',#4499,.T.);
#4499 = EDGE_LOOP('',(#4500,#4501,#4502,#4508));
#4500 = ORIENTED_EDGE('',*,*,#4486,.T.);
#4501 = ORIENTED_EDGE('',*,*,#3855,.T.);
#4502 = ORIENTED_EDGE('',*,*,#4503,.F.);
#4503 = EDGE_CURVE('',#3241,#3848,#4504,.T.);
#4504 = LINE('',#4505,#4506);
#4505 = CARTESIAN_POINT('',(52.216588,-113.091589,0.));
#4506 = VECTOR('',#4507,1.);
#4507 = DIRECTION('',(0.,0.,1.));
#4508 = ORIENTED_EDGE('',*,*,#3248,.F.);
#4509 = CYLINDRICAL_SURFACE('',#4510,0.500001333498);
#4510 = AXIS2_PLACEMENT_3D('',#4511,#4512,#4513);
#4511 = CARTESIAN_POINT('',(52.216586666504,-112.5915876665,0.));
#4512 = DIRECTION('',(0.,0.,-1.));
#4513 = DIRECTION('',(0.999999999996,-2.666984691454E-06,0.));
#4514 = ADVANCED_FACE('',(#4515),#4526,.T.);
#4515 = FACE_BOUND('',#4516,.T.);
#4516 = EDGE_LOOP('',(#4517,#4518,#4519,#4525));
#4517 = ORIENTED_EDGE('',*,*,#4503,.T.);
#4518 = ORIENTED_EDGE('',*,*,#3847,.T.);
#4519 = ORIENTED_EDGE('',*,*,#4520,.F.);
#4520 = EDGE_CURVE('',#3232,#3839,#4521,.T.);
#4521 = LINE('',#4522,#4523);
#4522 = CARTESIAN_POINT('',(36.441588,-113.091589,0.));
#4523 = VECTOR('',#4524,1.);
#4524 = DIRECTION('',(0.,0.,1.));
#4525 = ORIENTED_EDGE('',*,*,#3240,.F.);
#4526 = PLANE('',#4527);
#4527 = AXIS2_PLACEMENT_3D('',#4528,#4529,#4530);
#4528 = CARTESIAN_POINT('',(52.216588,-113.091589,0.));
#4529 = DIRECTION('',(0.,-1.,0.));
#4530 = DIRECTION('',(-1.,0.,0.));
#4531 = ADVANCED_FACE('',(#4532),#4543,.T.);
#4532 = FACE_BOUND('',#4533,.T.);
#4533 = EDGE_LOOP('',(#4534,#4535,#4536,#4542));
#4534 = ORIENTED_EDGE('',*,*,#4520,.T.);
#4535 = ORIENTED_EDGE('',*,*,#3838,.T.);
#4536 = ORIENTED_EDGE('',*,*,#4537,.F.);
#4537 = EDGE_CURVE('',#3224,#3831,#4538,.T.);
#4538 = LINE('',#4539,#4540);
#4539 = CARTESIAN_POINT('',(35.941588,-112.591589,0.));
#4540 = VECTOR('',#4541,1.);
#4541 = DIRECTION('',(0.,0.,1.));
#4542 = ORIENTED_EDGE('',*,*,#3231,.F.);
#4543 = CYLINDRICAL_SURFACE('',#4544,0.500009869434);
#4544 = AXIS2_PLACEMENT_3D('',#4545,#4546,#4547);
#4545 = CARTESIAN_POINT('',(36.441597869337,-112.5915791306,0.));
#4546 = DIRECTION('',(0.,0.,-1.));
#4547 = DIRECTION('',(-1.973828379017E-05,-0.999999999805,-0.));
#4548 = ADVANCED_FACE('',(#4549),#4560,.T.);
#4549 = FACE_BOUND('',#4550,.T.);
#4550 = EDGE_LOOP('',(#4551,#4552,#4553,#4559));
#4551 = ORIENTED_EDGE('',*,*,#4537,.T.);
#4552 = ORIENTED_EDGE('',*,*,#3830,.T.);
#4553 = ORIENTED_EDGE('',*,*,#4554,.F.);
#4554 = EDGE_CURVE('',#3215,#3822,#4555,.T.);
#4555 = LINE('',#4556,#4557);
#4556 = CARTESIAN_POINT('',(35.941588,-112.091589,0.));
#4557 = VECTOR('',#4558,1.);
#4558 = DIRECTION('',(0.,0.,1.));
#4559 = ORIENTED_EDGE('',*,*,#3223,.F.);
#4560 = PLANE('',#4561);
#4561 = AXIS2_PLACEMENT_3D('',#4562,#4563,#4564);
#4562 = CARTESIAN_POINT('',(35.941588,-112.591589,0.));
#4563 = DIRECTION('',(-1.,0.,0.));
#4564 = DIRECTION('',(0.,1.,0.));
#4565 = ADVANCED_FACE('',(#4566),#4577,.T.);
#4566 = FACE_BOUND('',#4567,.T.);
#4567 = EDGE_LOOP('',(#4568,#4569,#4570,#4576));
#4568 = ORIENTED_EDGE('',*,*,#4554,.T.);
#4569 = ORIENTED_EDGE('',*,*,#3821,.T.);
#4570 = ORIENTED_EDGE('',*,*,#4571,.F.);
#4571 = EDGE_CURVE('',#3207,#3814,#4572,.T.);
#4572 = LINE('',#4573,#4574);
#4573 = CARTESIAN_POINT('',(36.441588,-111.591589,0.));
#4574 = VECTOR('',#4575,1.);
#4575 = DIRECTION('',(0.,0.,1.));
#4576 = ORIENTED_EDGE('',*,*,#3214,.F.);
#4577 = CYLINDRICAL_SURFACE('',#4578,0.499992798201);
#4578 = AXIS2_PLACEMENT_3D('',#4579,#4580,#4581);
#4579 = CARTESIAN_POINT('',(36.441580798149,-112.0915817981,0.));
#4580 = DIRECTION('',(0.,0.,-1.));
#4581 = DIRECTION('',(-0.999999999896,-1.44039088535E-05,-0.));
#4582 = ADVANCED_FACE('',(#4583),#4594,.T.);
#4583 = FACE_BOUND('',#4584,.T.);
#4584 = EDGE_LOOP('',(#4585,#4586,#4587,#4593));
#4585 = ORIENTED_EDGE('',*,*,#4571,.T.);
#4586 = ORIENTED_EDGE('',*,*,#3813,.T.);
#4587 = ORIENTED_EDGE('',*,*,#4588,.F.);
#4588 = EDGE_CURVE('',#3198,#3805,#4589,.T.);
#4589 = LINE('',#4590,#4591);
#4590 = CARTESIAN_POINT('',(37.441588,-111.591589,0.));
#4591 = VECTOR('',#4592,1.);
#4592 = DIRECTION('',(0.,0.,1.));
#4593 = ORIENTED_EDGE('',*,*,#3206,.F.);
#4594 = PLANE('',#4595);
#4595 = AXIS2_PLACEMENT_3D('',#4596,#4597,#4598);
#4596 = CARTESIAN_POINT('',(36.441588,-111.591589,0.));
#4597 = DIRECTION('',(0.,1.,0.));
#4598 = DIRECTION('',(1.,0.,0.));
#4599 = ADVANCED_FACE('',(#4600),#4611,.F.);
#4600 = FACE_BOUND('',#4601,.T.);
#4601 = EDGE_LOOP('',(#4602,#4603,#4604,#4610));
#4602 = ORIENTED_EDGE('',*,*,#4588,.T.);
#4603 = ORIENTED_EDGE('',*,*,#3804,.T.);
#4604 = ORIENTED_EDGE('',*,*,#4605,.F.);
#4605 = EDGE_CURVE('',#3190,#3797,#4606,.T.);
#4606 = LINE('',#4607,#4608);
#4607 = CARTESIAN_POINT('',(37.441588,-109.591589,0.));
#4608 = VECTOR('',#4609,1.);
#4609 = DIRECTION('',(0.,0.,1.));
#4610 = ORIENTED_EDGE('',*,*,#3197,.F.);
#4611 = CYLINDRICAL_SURFACE('',#4612,1.);
#4612 = AXIS2_PLACEMENT_3D('',#4613,#4614,#4615);
#4613 = CARTESIAN_POINT('',(37.441588,-110.591589,0.));
#4614 = DIRECTION('',(-0.,-0.,-1.));
#4615 = DIRECTION('',(-0.,-1.,0.));
#4616 = ADVANCED_FACE('',(#4617),#4628,.T.);
#4617 = FACE_BOUND('',#4618,.T.);
#4618 = EDGE_LOOP('',(#4619,#4620,#4621,#4627));
#4619 = ORIENTED_EDGE('',*,*,#4605,.T.);
#4620 = ORIENTED_EDGE('',*,*,#3796,.T.);
#4621 = ORIENTED_EDGE('',*,*,#4622,.F.);
#4622 = EDGE_CURVE('',#3181,#3788,#4623,.T.);
#4623 = LINE('',#4624,#4625);
#4624 = CARTESIAN_POINT('',(36.441588,-109.591589,0.));
#4625 = VECTOR('',#4626,1.);
#4626 = DIRECTION('',(0.,0.,1.));
#4627 = ORIENTED_EDGE('',*,*,#3189,.F.);
#4628 = PLANE('',#4629);
#4629 = AXIS2_PLACEMENT_3D('',#4630,#4631,#4632);
#4630 = CARTESIAN_POINT('',(37.441588,-109.591589,0.));
#4631 = DIRECTION('',(0.,-1.,0.));
#4632 = DIRECTION('',(-1.,0.,0.));
#4633 = ADVANCED_FACE('',(#4634),#4645,.T.);
#4634 = FACE_BOUND('',#4635,.T.);
#4635 = EDGE_LOOP('',(#4636,#4637,#4638,#4644));
#4636 = ORIENTED_EDGE('',*,*,#4622,.T.);
#4637 = ORIENTED_EDGE('',*,*,#3787,.T.);
#4638 = ORIENTED_EDGE('',*,*,#4639,.F.);
#4639 = EDGE_CURVE('',#3173,#3780,#4640,.T.);
#4640 = LINE('',#4641,#4642);
#4641 = CARTESIAN_POINT('',(35.941588,-109.091589,0.));
#4642 = VECTOR('',#4643,1.);
#4643 = DIRECTION('',(0.,0.,1.));
#4644 = ORIENTED_EDGE('',*,*,#3180,.F.);
#4645 = CYLINDRICAL_SURFACE('',#4646,0.500009869434);
#4646 = AXIS2_PLACEMENT_3D('',#4647,#4648,#4649);
#4647 = CARTESIAN_POINT('',(36.441597869337,-109.0915791306,0.));
#4648 = DIRECTION('',(0.,0.,-1.));
#4649 = DIRECTION('',(-1.973828379017E-05,-0.999999999805,-0.));
#4650 = ADVANCED_FACE('',(#4651),#4662,.T.);
#4651 = FACE_BOUND('',#4652,.T.);
#4652 = EDGE_LOOP('',(#4653,#4654,#4655,#4661));
#4653 = ORIENTED_EDGE('',*,*,#4639,.T.);
#4654 = ORIENTED_EDGE('',*,*,#3779,.T.);
#4655 = ORIENTED_EDGE('',*,*,#4656,.F.);
#4656 = EDGE_CURVE('',#3164,#3771,#4657,.T.);
#4657 = LINE('',#4658,#4659);
#4658 = CARTESIAN_POINT('',(35.941588,-106.146869,0.));
#4659 = VECTOR('',#4660,1.);
#4660 = DIRECTION('',(0.,0.,1.));
#4661 = ORIENTED_EDGE('',*,*,#3172,.F.);
#4662 = PLANE('',#4663);
#4663 = AXIS2_PLACEMENT_3D('',#4664,#4665,#4666);
#4664 = CARTESIAN_POINT('',(35.941588,-109.091589,0.));
#4665 = DIRECTION('',(-1.,0.,0.));
#4666 = DIRECTION('',(0.,1.,0.));
#4667 = ADVANCED_FACE('',(#4668),#4679,.F.);
#4668 = FACE_BOUND('',#4669,.T.);
#4669 = EDGE_LOOP('',(#4670,#4671,#4672,#4678));
#4670 = ORIENTED_EDGE('',*,*,#4656,.T.);
#4671 = ORIENTED_EDGE('',*,*,#3770,.T.);
#4672 = ORIENTED_EDGE('',*,*,#4673,.F.);
#4673 = EDGE_CURVE('',#3156,#3763,#4674,.T.);
#4674 = LINE('',#4675,#4676);
#4675 = CARTESIAN_POINT('',(32.945423,-101.565969,0.));
#4676 = VECTOR('',#4677,1.);
#4677 = DIRECTION('',(0.,0.,1.));
#4678 = ORIENTED_EDGE('',*,*,#3163,.F.);
#4679 = CYLINDRICAL_SURFACE('',#4680,4.999998859734);
#4680 = AXIS2_PLACEMENT_3D('',#4681,#4682,#4683);
#4681 = CARTESIAN_POINT('',(30.941589140266,-106.1468683068,0.));
#4682 = DIRECTION('',(-0.,-0.,-1.));
#4683 = DIRECTION('',(1.,-1.386207205849E-07,0.));
#4684 = ADVANCED_FACE('',(#4685),#4696,.T.);
#4685 = FACE_BOUND('',#4686,.T.);
#4686 = EDGE_LOOP('',(#4687,#4688,#4689,#4695));
#4687 = ORIENTED_EDGE('',*,*,#4673,.T.);
#4688 = ORIENTED_EDGE('',*,*,#3762,.T.);
#4689 = ORIENTED_EDGE('',*,*,#4690,.F.);
#4690 = EDGE_CURVE('',#3147,#3754,#4691,.T.);
#4691 = LINE('',#4692,#4693);
#4692 = CARTESIAN_POINT('',(32.897708,-101.548666,0.));
#4693 = VECTOR('',#4694,1.);
#4694 = DIRECTION('',(0.,0.,1.));
#4695 = ORIENTED_EDGE('',*,*,#3155,.F.);
#4696 = PLANE('',#4697);
#4697 = AXIS2_PLACEMENT_3D('',#4698,#4699,#4700);
#4698 = CARTESIAN_POINT('',(32.945423,-101.565969,0.));
#4699 = DIRECTION('',(-0.340909247233,-0.940096210582,0.));
#4700 = DIRECTION('',(-0.940096210582,0.340909247233,0.));
#4701 = ADVANCED_FACE('',(#4702),#4713,.T.);
#4702 = FACE_BOUND('',#4703,.T.);
#4703 = EDGE_LOOP('',(#4704,#4705,#4706,#4712));
#4704 = ORIENTED_EDGE('',*,*,#4690,.T.);
#4705 = ORIENTED_EDGE('',*,*,#3753,.T.);
#4706 = ORIENTED_EDGE('',*,*,#4707,.F.);
#4707 = EDGE_CURVE('',#3139,#3746,#4708,.T.);
#4708 = LINE('',#4709,#4710);
#4709 = CARTESIAN_POINT('',(30.577889,-96.075957,0.));
#4710 = VECTOR('',#4711,1.);
#4711 = DIRECTION('',(0.,0.,1.));
#4712 = ORIENTED_EDGE('',*,*,#3146,.F.);
#4713 = CYLINDRICAL_SURFACE('',#4714,3.999974268396);
#4714 = AXIS2_PLACEMENT_3D('',#4715,#4716,#4717);
#4715 = CARTESIAN_POINT('',(34.202584868908,-97.76751663706,0.));
#4716 = DIRECTION('',(0.,0.,-1.));
#4717 = DIRECTION('',(-0.326221315776,-0.945293421713,-0.));
#4718 = ADVANCED_FACE('',(#4719),#4730,.T.);
#4719 = FACE_BOUND('',#4720,.T.);
#4720 = EDGE_LOOP('',(#4721,#4722,#4723,#4729));
#4721 = ORIENTED_EDGE('',*,*,#4707,.T.);
#4722 = ORIENTED_EDGE('',*,*,#3745,.T.);
#4723 = ORIENTED_EDGE('',*,*,#4724,.F.);
#4724 = EDGE_CURVE('',#3130,#3737,#4725,.T.);
#4725 = LINE('',#4726,#4727);
#4726 = CARTESIAN_POINT('',(30.8,-95.6,0.));
#4727 = VECTOR('',#4728,1.);
#4728 = DIRECTION('',(0.,0.,1.));
#4729 = ORIENTED_EDGE('',*,*,#3138,.F.);
#4730 = PLANE('',#4731);
#4731 = AXIS2_PLACEMENT_3D('',#4732,#4733,#4734);
#4732 = CARTESIAN_POINT('',(30.577889,-96.075957,0.));
#4733 = DIRECTION('',(-0.90618479376,0.422881921532,0.));
#4734 = DIRECTION('',(0.422881921532,0.90618479376,0.));
#4735 = ADVANCED_FACE('',(#4736),#4747,.F.);
#4736 = FACE_BOUND('',#4737,.T.);
#4737 = EDGE_LOOP('',(#4738,#4739,#4740,#4741));
#4738 = ORIENTED_EDGE('',*,*,#3129,.F.);
#4739 = ORIENTED_EDGE('',*,*,#4724,.T.);
#4740 = ORIENTED_EDGE('',*,*,#3736,.T.);
#4741 = ORIENTED_EDGE('',*,*,#4742,.T.);
#4742 = EDGE_CURVE('',#3728,#3121,#4743,.T.);
#4743 = LINE('',#4744,#4745);
#4744 = CARTESIAN_POINT('',(32.846239393122,-96.39267618496,0.));
#4745 = VECTOR('',#4746,1.);
#4746 = DIRECTION('',(-0.,-0.,-1.));
#4747 = CYLINDRICAL_SURFACE('',#4748,15.477725317614);
#4748 = AXIS2_PLACEMENT_3D('',#4749,#4750,#4751);
#4749 = CARTESIAN_POINT('',(37.400000682386,-81.600001,0.));
#4750 = DIRECTION('',(-0.,-0.,-1.));
#4751 = DIRECTION('',(-0.42641929269,-0.904525614243,0.));
#4752 = ADVANCED_FACE('',(#4753),#4764,.F.);
#4753 = FACE_BOUND('',#4754,.T.);
#4754 = EDGE_LOOP('',(#4755,#4761,#4762,#4763));
#4755 = ORIENTED_EDGE('',*,*,#4756,.F.);
#4756 = EDGE_CURVE('',#3112,#3719,#4757,.T.);
#4757 = LINE('',#4758,#4759);
#4758 = CARTESIAN_POINT('',(33.65,-98.6,-4.6E-02));
#4759 = VECTOR('',#4760,1.);
#4760 = DIRECTION('',(0.,0.,1.));
#4761 = ORIENTED_EDGE('',*,*,#3120,.T.);
#4762 = ORIENTED_EDGE('',*,*,#4742,.F.);
#4763 = ORIENTED_EDGE('',*,*,#3727,.F.);
#4764 = CYLINDRICAL_SURFACE('',#4765,1.25);
#4765 = AXIS2_PLACEMENT_3D('',#4766,#4767,#4768);
#4766 = CARTESIAN_POINT('',(33.65,-97.35,-4.6E-02));
#4767 = DIRECTION('',(-0.,-0.,-1.));
#4768 = DIRECTION('',(-0.,-1.,0.));
#4769 = ADVANCED_FACE('',(#4770),#4781,.F.);
#4770 = FACE_BOUND('',#4771,.T.);
#4771 = EDGE_LOOP('',(#4772,#4773,#4774,#4775));
#4772 = ORIENTED_EDGE('',*,*,#3111,.T.);
#4773 = ORIENTED_EDGE('',*,*,#4756,.T.);
#4774 = ORIENTED_EDGE('',*,*,#3718,.F.);
#4775 = ORIENTED_EDGE('',*,*,#4776,.T.);
#4776 = EDGE_CURVE('',#3710,#3103,#4777,.T.);
#4777 = LINE('',#4778,#4779);
#4778 = CARTESIAN_POINT('',(34.798932272532,-96.85760317513,0.));
#4779 = VECTOR('',#4780,1.);
#4780 = DIRECTION('',(-0.,-0.,-1.));
#4781 = CYLINDRICAL_SURFACE('',#4782,1.25);
#4782 = AXIS2_PLACEMENT_3D('',#4783,#4784,#4785);
#4783 = CARTESIAN_POINT('',(33.65,-97.35,-4.6E-02));
#4784 = DIRECTION('',(-0.,-0.,-1.));
#4785 = DIRECTION('',(-0.,-1.,0.));
#4786 = ADVANCED_FACE('',(#4787),#4798,.F.);
#4787 = FACE_BOUND('',#4788,.T.);
#4788 = EDGE_LOOP('',(#4789,#4790,#4791,#4792));
#4789 = ORIENTED_EDGE('',*,*,#3102,.F.);
#4790 = ORIENTED_EDGE('',*,*,#4776,.F.);
#4791 = ORIENTED_EDGE('',*,*,#3709,.T.);
#4792 = ORIENTED_EDGE('',*,*,#4793,.T.);
#4793 = EDGE_CURVE('',#3701,#3094,#4794,.T.);
#4794 = LINE('',#4795,#4796);
#4795 = CARTESIAN_POINT('',(34.798931347832,-66.3423989825,0.));
#4796 = VECTOR('',#4797,1.);
#4797 = DIRECTION('',(-0.,-0.,-1.));
#4798 = CYLINDRICAL_SURFACE('',#4799,15.477725317614);
#4799 = AXIS2_PLACEMENT_3D('',#4800,#4801,#4802);
#4800 = CARTESIAN_POINT('',(37.400000682386,-81.600001,0.));
#4801 = DIRECTION('',(-0.,-0.,-1.));
#4802 = DIRECTION('',(-0.42641929269,-0.904525614243,0.));
#4803 = ADVANCED_FACE('',(#4804),#4815,.F.);
#4804 = FACE_BOUND('',#4805,.T.);
#4805 = EDGE_LOOP('',(#4806,#4807,#4813,#4814));
#4806 = ORIENTED_EDGE('',*,*,#3700,.F.);
#4807 = ORIENTED_EDGE('',*,*,#4808,.T.);
#4808 = EDGE_CURVE('',#3692,#3085,#4809,.T.);
#4809 = LINE('',#4810,#4811);
#4810 = CARTESIAN_POINT('',(32.84624113615,-66.80732527846,0.));
#4811 = VECTOR('',#4812,1.);
#4812 = DIRECTION('',(-0.,-0.,-1.));
#4813 = ORIENTED_EDGE('',*,*,#3093,.T.);
#4814 = ORIENTED_EDGE('',*,*,#4793,.F.);
#4815 = CYLINDRICAL_SURFACE('',#4816,1.25);
#4816 = AXIS2_PLACEMENT_3D('',#4817,#4818,#4819);
#4817 = CARTESIAN_POINT('',(33.65,-65.85,-4.6E-02));
#4818 = DIRECTION('',(-0.,-0.,-1.));
#4819 = DIRECTION('',(-0.,-1.,0.));
#4820 = ADVANCED_FACE('',(#4821),#4832,.F.);
#4821 = FACE_BOUND('',#4822,.T.);
#4822 = EDGE_LOOP('',(#4823,#4824,#4825,#4826));
#4823 = ORIENTED_EDGE('',*,*,#3084,.F.);
#4824 = ORIENTED_EDGE('',*,*,#4808,.F.);
#4825 = ORIENTED_EDGE('',*,*,#3691,.T.);
#4826 = ORIENTED_EDGE('',*,*,#4827,.F.);
#4827 = EDGE_CURVE('',#3077,#3684,#4828,.T.);
#4828 = LINE('',#4829,#4830);
#4829 = CARTESIAN_POINT('',(30.8,-67.600002,0.));
#4830 = VECTOR('',#4831,1.);
#4831 = DIRECTION('',(0.,0.,1.));
#4832 = CYLINDRICAL_SURFACE('',#4833,15.477725317614);
#4833 = AXIS2_PLACEMENT_3D('',#4834,#4835,#4836);
#4834 = CARTESIAN_POINT('',(37.400000682386,-81.600001,0.));
#4835 = DIRECTION('',(-0.,-0.,-1.));
#4836 = DIRECTION('',(-0.42641929269,-0.904525614243,0.));
#4837 = ADVANCED_FACE('',(#4838),#4849,.T.);
#4838 = FACE_BOUND('',#4839,.T.);
#4839 = EDGE_LOOP('',(#4840,#4841,#4842,#4848));
#4840 = ORIENTED_EDGE('',*,*,#4827,.T.);
#4841 = ORIENTED_EDGE('',*,*,#3683,.T.);
#4842 = ORIENTED_EDGE('',*,*,#4843,.F.);
#4843 = EDGE_CURVE('',#3068,#3675,#4844,.T.);
#4844 = LINE('',#4845,#4846);
#4845 = CARTESIAN_POINT('',(30.577019,-67.122185,0.));
#4846 = VECTOR('',#4847,1.);
#4847 = DIRECTION('',(0.,0.,1.));
#4848 = ORIENTED_EDGE('',*,*,#3076,.F.);
#4849 = PLANE('',#4850);
#4850 = AXIS2_PLACEMENT_3D('',#4851,#4852,#4853);
#4851 = CARTESIAN_POINT('',(30.8,-67.600002,0.));
#4852 = DIRECTION('',(-0.906183333799,-0.422885050038,0.));
#4853 = DIRECTION('',(-0.422885050038,0.906183333799,0.));
#4854 = ADVANCED_FACE('',(#4855),#4866,.T.);
#4855 = FACE_BOUND('',#4856,.T.);
#4856 = EDGE_LOOP('',(#4857,#4858,#4859,#4865));
#4857 = ORIENTED_EDGE('',*,*,#4843,.T.);
#4858 = ORIENTED_EDGE('',*,*,#3674,.T.);
#4859 = ORIENTED_EDGE('',*,*,#4860,.F.);
#4860 = EDGE_CURVE('',#3060,#3667,#4861,.T.);
#4861 = LINE('',#4862,#4863);
#4862 = CARTESIAN_POINT('',(32.895105,-61.650079,0.));
#4863 = VECTOR('',#4864,1.);
#4864 = DIRECTION('',(0.,0.,1.));
#4865 = ORIENTED_EDGE('',*,*,#3067,.F.);
#4866 = CYLINDRICAL_SURFACE('',#4867,3.999993795068);
#4867 = AXIS2_PLACEMENT_3D('',#4868,#4869,#4870);
#4868 = CARTESIAN_POINT('',(34.201743533595,-65.43064061212,0.));
#4869 = DIRECTION('',(0.,0.,-1.));
#4870 = DIRECTION('',(-0.906182539099,-0.422886752964,-0.));
#4871 = ADVANCED_FACE('',(#4872),#4883,.T.);
#4872 = FACE_BOUND('',#4873,.T.);
#4873 = EDGE_LOOP('',(#4874,#4875,#4876,#4882));
#4874 = ORIENTED_EDGE('',*,*,#4860,.T.);
#4875 = ORIENTED_EDGE('',*,*,#3666,.T.);
#4876 = ORIENTED_EDGE('',*,*,#4877,.F.);
#4877 = EDGE_CURVE('',#3052,#3659,#4878,.T.);
#4878 = LINE('',#4879,#4880);
#4879 = CARTESIAN_POINT('',(32.942685,-61.632851,0.));
#4880 = VECTOR('',#4881,1.);
#4881 = DIRECTION('',(0.,0.,1.));
#4882 = ORIENTED_EDGE('',*,*,#3059,.F.);
#4883 = PLANE('',#4884);
#4884 = AXIS2_PLACEMENT_3D('',#4885,#4886,#4887);
#4885 = CARTESIAN_POINT('',(32.895105,-61.650079,0.));
#4886 = DIRECTION('',(-0.340454337664,0.940261050967,0.));
#4887 = DIRECTION('',(0.940261050967,0.340454337664,0.));
#4888 = ADVANCED_FACE('',(#4889),#4900,.T.);
#4889 = FACE_BOUND('',#4890,.T.);
#4890 = EDGE_LOOP('',(#4891,#4892,#4893,#4899));
#4891 = ORIENTED_EDGE('',*,*,#4877,.T.);
#4892 = ORIENTED_EDGE('',*,*,#3658,.T.);
#4893 = ORIENTED_EDGE('',*,*,#4894,.F.);
#4894 = EDGE_CURVE('',#3043,#3650,#4895,.T.);
#4895 = LINE('',#4896,#4897);
#4896 = CARTESIAN_POINT('',(33.903835,-61.21062,0.));
#4897 = VECTOR('',#4898,1.);
#4898 = DIRECTION('',(0.,0.,1.));
#4899 = ORIENTED_EDGE('',*,*,#3051,.F.);
#4900 = PLANE('',#4901);
#4901 = AXIS2_PLACEMENT_3D('',#4902,#4903,#4904);
#4902 = CARTESIAN_POINT('',(32.942685,-61.632851,0.));
#4903 = DIRECTION('',(-0.402199857192,0.915551896331,0.));
#4904 = DIRECTION('',(0.915551896331,0.402199857192,0.));
#4905 = ADVANCED_FACE('',(#4906),#4917,.F.);
#4906 = FACE_BOUND('',#4907,.T.);
#4907 = EDGE_LOOP('',(#4908,#4909,#4910,#4916));
#4908 = ORIENTED_EDGE('',*,*,#4894,.T.);
#4909 = ORIENTED_EDGE('',*,*,#3649,.T.);
#4910 = ORIENTED_EDGE('',*,*,#4911,.F.);
#4911 = EDGE_CURVE('',#3035,#3642,#4912,.T.);
#4912 = LINE('',#4913,#4914);
#4913 = CARTESIAN_POINT('',(36.9,-56.62972,0.));
#4914 = VECTOR('',#4915,1.);
#4915 = DIRECTION('',(0.,0.,1.));
#4916 = ORIENTED_EDGE('',*,*,#3042,.F.);
#4917 = CYLINDRICAL_SURFACE('',#4918,4.999998859734);
#4918 = AXIS2_PLACEMENT_3D('',#4919,#4920,#4921);
#4919 = CARTESIAN_POINT('',(31.900001140266,-56.6297206931,0.));
#4920 = DIRECTION('',(-0.,-0.,-1.));
#4921 = DIRECTION('',(0.400766863343,-0.916180070317,0.));
#4922 = ADVANCED_FACE('',(#4923),#4934,.T.);
#4923 = FACE_BOUND('',#4924,.T.);
#4924 = EDGE_LOOP('',(#4925,#4926,#4927,#4933));
#4925 = ORIENTED_EDGE('',*,*,#4911,.T.);
#4926 = ORIENTED_EDGE('',*,*,#3641,.T.);
#4927 = ORIENTED_EDGE('',*,*,#4928,.F.);
#4928 = EDGE_CURVE('',#3027,#3634,#4929,.T.);
#4929 = LINE('',#4930,#4931);
#4930 = CARTESIAN_POINT('',(36.9,-55.6,0.));
#4931 = VECTOR('',#4932,1.);
#4932 = DIRECTION('',(0.,0.,1.));
#4933 = ORIENTED_EDGE('',*,*,#3034,.F.);
#4934 = PLANE('',#4935);
#4935 = AXIS2_PLACEMENT_3D('',#4936,#4937,#4938);
#4936 = CARTESIAN_POINT('',(36.9,-56.62972,0.));
#4937 = DIRECTION('',(-1.,0.,0.));
#4938 = DIRECTION('',(0.,1.,0.));
#4939 = ADVANCED_FACE('',(#4940),#4951,.T.);
#4940 = FACE_BOUND('',#4941,.T.);
#4941 = EDGE_LOOP('',(#4942,#4943,#4944,#4950));
#4942 = ORIENTED_EDGE('',*,*,#4928,.T.);
#4943 = ORIENTED_EDGE('',*,*,#3633,.T.);
#4944 = ORIENTED_EDGE('',*,*,#4945,.F.);
#4945 = EDGE_CURVE('',#3018,#3625,#4946,.T.);
#4946 = LINE('',#4947,#4948);
#4947 = CARTESIAN_POINT('',(36.9,-54.1,0.));
#4948 = VECTOR('',#4949,1.);
#4949 = DIRECTION('',(0.,0.,1.));
#4950 = ORIENTED_EDGE('',*,*,#3026,.F.);
#4951 = PLANE('',#4952);
#4952 = AXIS2_PLACEMENT_3D('',#4953,#4954,#4955);
#4953 = CARTESIAN_POINT('',(36.9,-55.6,0.));
#4954 = DIRECTION('',(-1.,0.,0.));
#4955 = DIRECTION('',(0.,1.,0.));
#4956 = ADVANCED_FACE('',(#4957),#4968,.T.);
#4957 = FACE_BOUND('',#4958,.T.);
#4958 = EDGE_LOOP('',(#4959,#4960,#4961,#4967));
#4959 = ORIENTED_EDGE('',*,*,#4945,.T.);
#4960 = ORIENTED_EDGE('',*,*,#3624,.T.);
#4961 = ORIENTED_EDGE('',*,*,#4962,.F.);
#4962 = EDGE_CURVE('',#3010,#3617,#4963,.T.);
#4963 = LINE('',#4964,#4965);
#4964 = CARTESIAN_POINT('',(37.4,-53.6,0.));
#4965 = VECTOR('',#4966,1.);
#4966 = DIRECTION('',(0.,0.,1.));
#4967 = ORIENTED_EDGE('',*,*,#3017,.F.);
#4968 = CYLINDRICAL_SURFACE('',#4969,0.500001333575);
#4969 = AXIS2_PLACEMENT_3D('',#4970,#4971,#4972);
#4970 = CARTESIAN_POINT('',(37.400001333573,-54.10000133357,0.));
#4971 = DIRECTION('',(0.,0.,-1.));
#4972 = DIRECTION('',(-0.999999999996,2.667139205253E-06,0.));
#4973 = ADVANCED_FACE('',(#4974),#4985,.T.);
#4974 = FACE_BOUND('',#4975,.T.);
#4975 = EDGE_LOOP('',(#4976,#4977,#4978,#4984));
#4976 = ORIENTED_EDGE('',*,*,#4962,.T.);
#4977 = ORIENTED_EDGE('',*,*,#3616,.T.);
#4978 = ORIENTED_EDGE('',*,*,#4979,.F.);
#4979 = EDGE_CURVE('',#3001,#3608,#4980,.T.);
#4980 = LINE('',#4981,#4982);
#4981 = CARTESIAN_POINT('',(38.4,-53.6,0.));
#4982 = VECTOR('',#4983,1.);
#4983 = DIRECTION('',(0.,0.,1.));
#4984 = ORIENTED_EDGE('',*,*,#3009,.F.);
#4985 = PLANE('',#4986);
#4986 = AXIS2_PLACEMENT_3D('',#4987,#4988,#4989);
#4987 = CARTESIAN_POINT('',(37.4,-53.6,0.));
#4988 = DIRECTION('',(0.,1.,0.));
#4989 = DIRECTION('',(1.,0.,0.));
#4990 = ADVANCED_FACE('',(#4991),#5002,.F.);
#4991 = FACE_BOUND('',#4992,.T.);
#4992 = EDGE_LOOP('',(#4993,#4994,#4995,#5001));
#4993 = ORIENTED_EDGE('',*,*,#4979,.T.);
#4994 = ORIENTED_EDGE('',*,*,#3607,.T.);
#4995 = ORIENTED_EDGE('',*,*,#4996,.F.);
#4996 = EDGE_CURVE('',#2993,#3600,#4997,.T.);
#4997 = LINE('',#4998,#4999);
#4998 = CARTESIAN_POINT('',(38.4,-51.6,0.));
#4999 = VECTOR('',#5000,1.);
#5000 = DIRECTION('',(0.,0.,1.));
#5001 = ORIENTED_EDGE('',*,*,#3000,.F.);
#5002 = CYLINDRICAL_SURFACE('',#5003,1.);
#5003 = AXIS2_PLACEMENT_3D('',#5004,#5005,#5006);
#5004 = CARTESIAN_POINT('',(38.4,-52.6,0.));
#5005 = DIRECTION('',(-0.,-0.,-1.));
#5006 = DIRECTION('',(-0.,-1.,0.));
#5007 = ADVANCED_FACE('',(#5008),#5019,.T.);
#5008 = FACE_BOUND('',#5009,.T.);
#5009 = EDGE_LOOP('',(#5010,#5011,#5012,#5018));
#5010 = ORIENTED_EDGE('',*,*,#4996,.T.);
#5011 = ORIENTED_EDGE('',*,*,#3599,.T.);
#5012 = ORIENTED_EDGE('',*,*,#5013,.F.);
#5013 = EDGE_CURVE('',#2984,#3591,#5014,.T.);
#5014 = LINE('',#5015,#5016);
#5015 = CARTESIAN_POINT('',(37.4,-51.6,0.));
#5016 = VECTOR('',#5017,1.);
#5017 = DIRECTION('',(0.,0.,1.));
#5018 = ORIENTED_EDGE('',*,*,#2992,.F.);
#5019 = PLANE('',#5020);
#5020 = AXIS2_PLACEMENT_3D('',#5021,#5022,#5023);
#5021 = CARTESIAN_POINT('',(38.4,-51.6,0.));
#5022 = DIRECTION('',(0.,-1.,0.));
#5023 = DIRECTION('',(-1.,0.,0.));
#5024 = ADVANCED_FACE('',(#5025),#5036,.T.);
#5025 = FACE_BOUND('',#5026,.T.);
#5026 = EDGE_LOOP('',(#5027,#5028,#5029,#5035));
#5027 = ORIENTED_EDGE('',*,*,#5013,.T.);
#5028 = ORIENTED_EDGE('',*,*,#3590,.T.);
#5029 = ORIENTED_EDGE('',*,*,#5030,.F.);
#5030 = EDGE_CURVE('',#2976,#3583,#5031,.T.);
#5031 = LINE('',#5032,#5033);
#5032 = CARTESIAN_POINT('',(36.9,-51.1,0.));
#5033 = VECTOR('',#5034,1.);
#5034 = DIRECTION('',(0.,0.,1.));
#5035 = ORIENTED_EDGE('',*,*,#2983,.F.);
#5036 = CYLINDRICAL_SURFACE('',#5037,0.500001333575);
#5037 = AXIS2_PLACEMENT_3D('',#5038,#5039,#5040);
#5038 = CARTESIAN_POINT('',(37.400001333573,-51.09999866642,0.));
#5039 = DIRECTION('',(0.,0.,-1.));
#5040 = DIRECTION('',(-2.667139205253E-06,-0.999999999996,-0.));
#5041 = ADVANCED_FACE('',(#5042),#5048,.T.);
#5042 = FACE_BOUND('',#5043,.T.);
#5043 = EDGE_LOOP('',(#5044,#5045,#5046,#5047));
#5044 = ORIENTED_EDGE('',*,*,#5030,.T.);
#5045 = ORIENTED_EDGE('',*,*,#3582,.T.);
#5046 = ORIENTED_EDGE('',*,*,#4178,.F.);
#5047 = ORIENTED_EDGE('',*,*,#2975,.F.);
#5048 = PLANE('',#5049);
#5049 = AXIS2_PLACEMENT_3D('',#5050,#5051,#5052);
#5050 = CARTESIAN_POINT('',(36.9,-51.1,0.));
#5051 = DIRECTION('',(-1.,0.,0.));
#5052 = DIRECTION('',(0.,1.,0.));
#5053 = ADVANCED_FACE('',(#5054),#5065,.F.);
#5054 = FACE_BOUND('',#5055,.T.);
#5055 = EDGE_LOOP('',(#5056,#5057,#5063,#5064));
#5056 = ORIENTED_EDGE('',*,*,#3411,.T.);
#5057 = ORIENTED_EDGE('',*,*,#5058,.T.);
#5058 = EDGE_CURVE('',#3412,#4019,#5059,.T.);
#5059 = LINE('',#5060,#5061);
#5060 = CARTESIAN_POINT('',(49.208,-106.484,-4.6E-02));
#5061 = VECTOR('',#5062,1.);
#5062 = DIRECTION('',(0.,0.,1.));
#5063 = ORIENTED_EDGE('',*,*,#4018,.F.);
#5064 = ORIENTED_EDGE('',*,*,#5058,.F.);
#5065 = CYLINDRICAL_SURFACE('',#5066,0.5);
#5066 = AXIS2_PLACEMENT_3D('',#5067,#5068,#5069);
#5067 = CARTESIAN_POINT('',(49.208,-105.984,-4.6E-02));
#5068 = DIRECTION('',(-0.,-0.,-1.));
#5069 = DIRECTION('',(-0.,-1.,0.));
#5070 = ADVANCED_FACE('',(#5071),#5082,.F.);
#5071 = FACE_BOUND('',#5072,.T.);
#5072 = EDGE_LOOP('',(#5073,#5074,#5080,#5081));
#5073 = ORIENTED_EDGE('',*,*,#3422,.T.);
#5074 = ORIENTED_EDGE('',*,*,#5075,.T.);
#5075 = EDGE_CURVE('',#3423,#4030,#5076,.T.);
#5076 = LINE('',#5077,#5078);
#5077 = CARTESIAN_POINT('',(51.748,-106.484,-4.6E-02));
#5078 = VECTOR('',#5079,1.);
#5079 = DIRECTION('',(0.,0.,1.));
#5080 = ORIENTED_EDGE('',*,*,#4029,.F.);
#5081 = ORIENTED_EDGE('',*,*,#5075,.F.);
#5082 = CYLINDRICAL_SURFACE('',#5083,0.5);
#5083 = AXIS2_PLACEMENT_3D('',#5084,#5085,#5086);
#5084 = CARTESIAN_POINT('',(51.748,-105.984,-4.6E-02));
#5085 = DIRECTION('',(-0.,-0.,-1.));
#5086 = DIRECTION('',(-0.,-1.,0.));
#5087 = ADVANCED_FACE('',(#5088),#5099,.F.);
#5088 = FACE_BOUND('',#5089,.T.);
#5089 = EDGE_LOOP('',(#5090,#5091,#5097,#5098));
#5090 = ORIENTED_EDGE('',*,*,#3433,.T.);
#5091 = ORIENTED_EDGE('',*,*,#5092,.T.);
#5092 = EDGE_CURVE('',#3434,#4041,#5093,.T.);
#5093 = LINE('',#5094,#5095);
#5094 = CARTESIAN_POINT('',(54.288,-106.484,-4.6E-02));
#5095 = VECTOR('',#5096,1.);
#5096 = DIRECTION('',(0.,0.,1.));
#5097 = ORIENTED_EDGE('',*,*,#4040,.F.);
#5098 = ORIENTED_EDGE('',*,*,#5092,.F.);
#5099 = CYLINDRICAL_SURFACE('',#5100,0.5);
#5100 = AXIS2_PLACEMENT_3D('',#5101,#5102,#5103);
#5101 = CARTESIAN_POINT('',(54.288,-105.984,-4.6E-02));
#5102 = DIRECTION('',(-0.,-0.,-1.));
#5103 = DIRECTION('',(-0.,-1.,0.));
#5104 = ADVANCED_FACE('',(#5105),#5116,.F.);
#5105 = FACE_BOUND('',#5106,.T.);
#5106 = EDGE_LOOP('',(#5107,#5108,#5114,#5115));
#5107 = ORIENTED_EDGE('',*,*,#3444,.T.);
#5108 = ORIENTED_EDGE('',*,*,#5109,.T.);
#5109 = EDGE_CURVE('',#3445,#4052,#5110,.T.);
#5110 = LINE('',#5111,#5112);
#5111 = CARTESIAN_POINT('',(56.828,-106.484,-4.6E-02));
#5112 = VECTOR('',#5113,1.);
#5113 = DIRECTION('',(0.,0.,1.));
#5114 = ORIENTED_EDGE('',*,*,#4051,.F.);
#5115 = ORIENTED_EDGE('',*,*,#5109,.F.);
#5116 = CYLINDRICAL_SURFACE('',#5117,0.5);
#5117 = AXIS2_PLACEMENT_3D('',#5118,#5119,#5120);
#5118 = CARTESIAN_POINT('',(56.828,-105.984,-4.6E-02));
#5119 = DIRECTION('',(-0.,-0.,-1.));
#5120 = DIRECTION('',(-0.,-1.,0.));
#5121 = ADVANCED_FACE('',(#5122),#5133,.F.);
#5122 = FACE_BOUND('',#5123,.T.);
#5123 = EDGE_LOOP('',(#5124,#5125,#5131,#5132));
#5124 = ORIENTED_EDGE('',*,*,#3455,.T.);
#5125 = ORIENTED_EDGE('',*,*,#5126,.T.);
#5126 = EDGE_CURVE('',#3456,#4063,#5127,.T.);
#5127 = LINE('',#5128,#5129);
#5128 = CARTESIAN_POINT('',(72.4,-96.35,-4.6E-02));
#5129 = VECTOR('',#5130,1.);
#5130 = DIRECTION('',(0.,0.,1.));
#5131 = ORIENTED_EDGE('',*,*,#4062,.F.);
#5132 = ORIENTED_EDGE('',*,*,#5126,.F.);
#5133 = CYLINDRICAL_SURFACE('',#5134,1.75);
#5134 = AXIS2_PLACEMENT_3D('',#5135,#5136,#5137);
#5135 = CARTESIAN_POINT('',(72.4,-94.6,-4.6E-02));
#5136 = DIRECTION('',(-0.,-0.,-1.));
#5137 = DIRECTION('',(-0.,-1.,0.));
#5138 = ADVANCED_FACE('',(#5139),#5150,.F.);
#5139 = FACE_BOUND('',#5140,.T.);
#5140 = EDGE_LOOP('',(#5141,#5142,#5148,#5149));
#5141 = ORIENTED_EDGE('',*,*,#3466,.T.);
#5142 = ORIENTED_EDGE('',*,*,#5143,.T.);
#5143 = EDGE_CURVE('',#3467,#4074,#5144,.T.);
#5144 = LINE('',#5145,#5146);
#5145 = CARTESIAN_POINT('',(87.876,-85.91,-4.6E-02));
#5146 = VECTOR('',#5147,1.);
#5147 = DIRECTION('',(0.,0.,1.));
#5148 = ORIENTED_EDGE('',*,*,#4073,.F.);
#5149 = ORIENTED_EDGE('',*,*,#5143,.F.);
#5150 = CYLINDRICAL_SURFACE('',#5151,0.5);
#5151 = AXIS2_PLACEMENT_3D('',#5152,#5153,#5154);
#5152 = CARTESIAN_POINT('',(87.876,-85.41,-4.6E-02));
#5153 = DIRECTION('',(-0.,-0.,-1.));
#5154 = DIRECTION('',(-0.,-1.,0.));
#5155 = ADVANCED_FACE('',(#5156),#5167,.F.);
#5156 = FACE_BOUND('',#5157,.T.);
#5157 = EDGE_LOOP('',(#5158,#5159,#5165,#5166));
#5158 = ORIENTED_EDGE('',*,*,#3477,.T.);
#5159 = ORIENTED_EDGE('',*,*,#5160,.T.);
#5160 = EDGE_CURVE('',#3478,#4085,#5161,.T.);
#5161 = LINE('',#5162,#5163);
#5162 = CARTESIAN_POINT('',(87.876,-83.37,-4.6E-02));
#5163 = VECTOR('',#5164,1.);
#5164 = DIRECTION('',(0.,0.,1.));
#5165 = ORIENTED_EDGE('',*,*,#4084,.F.);
#5166 = ORIENTED_EDGE('',*,*,#5160,.F.);
#5167 = CYLINDRICAL_SURFACE('',#5168,0.5);
#5168 = AXIS2_PLACEMENT_3D('',#5169,#5170,#5171);
#5169 = CARTESIAN_POINT('',(87.876,-82.87,-4.6E-02));
#5170 = DIRECTION('',(-0.,-0.,-1.));
#5171 = DIRECTION('',(-0.,-1.,0.));
#5172 = ADVANCED_FACE('',(#5173),#5184,.F.);
#5173 = FACE_BOUND('',#5174,.T.);
#5174 = EDGE_LOOP('',(#5175,#5176,#5182,#5183));
#5175 = ORIENTED_EDGE('',*,*,#3488,.T.);
#5176 = ORIENTED_EDGE('',*,*,#5177,.T.);
#5177 = EDGE_CURVE('',#3489,#4096,#5178,.T.);
#5178 = LINE('',#5179,#5180);
#5179 = CARTESIAN_POINT('',(49.208,-57.716,-4.6E-02));
#5180 = VECTOR('',#5181,1.);
#5181 = DIRECTION('',(0.,0.,1.));
#5182 = ORIENTED_EDGE('',*,*,#4095,.F.);
#5183 = ORIENTED_EDGE('',*,*,#5177,.F.);
#5184 = CYLINDRICAL_SURFACE('',#5185,0.5);
#5185 = AXIS2_PLACEMENT_3D('',#5186,#5187,#5188);
#5186 = CARTESIAN_POINT('',(49.208,-57.216,-4.6E-02));
#5187 = DIRECTION('',(-0.,-0.,-1.));
#5188 = DIRECTION('',(-0.,-1.,0.));
#5189 = ADVANCED_FACE('',(#5190),#5201,.F.);
#5190 = FACE_BOUND('',#5191,.T.);
#5191 = EDGE_LOOP('',(#5192,#5193,#5199,#5200));
#5192 = ORIENTED_EDGE('',*,*,#3499,.T.);
#5193 = ORIENTED_EDGE('',*,*,#5194,.T.);
#5194 = EDGE_CURVE('',#3500,#4107,#5195,.T.);
#5195 = LINE('',#5196,#5197);
#5196 = CARTESIAN_POINT('',(51.748,-57.716,-4.6E-02));
#5197 = VECTOR('',#5198,1.);
#5198 = DIRECTION('',(0.,0.,1.));
#5199 = ORIENTED_EDGE('',*,*,#4106,.F.);
#5200 = ORIENTED_EDGE('',*,*,#5194,.F.);
#5201 = CYLINDRICAL_SURFACE('',#5202,0.5);
#5202 = AXIS2_PLACEMENT_3D('',#5203,#5204,#5205);
#5203 = CARTESIAN_POINT('',(51.748,-57.216,-4.6E-02));
#5204 = DIRECTION('',(-0.,-0.,-1.));
#5205 = DIRECTION('',(-0.,-1.,0.));
#5206 = ADVANCED_FACE('',(#5207),#5218,.F.);
#5207 = FACE_BOUND('',#5208,.T.);
#5208 = EDGE_LOOP('',(#5209,#5210,#5216,#5217));
#5209 = ORIENTED_EDGE('',*,*,#3510,.T.);
#5210 = ORIENTED_EDGE('',*,*,#5211,.T.);
#5211 = EDGE_CURVE('',#3511,#4118,#5212,.T.);
#5212 = LINE('',#5213,#5214);
#5213 = CARTESIAN_POINT('',(54.288,-57.716,-4.6E-02));
#5214 = VECTOR('',#5215,1.);
#5215 = DIRECTION('',(0.,0.,1.));
#5216 = ORIENTED_EDGE('',*,*,#4117,.F.);
#5217 = ORIENTED_EDGE('',*,*,#5211,.F.);
#5218 = CYLINDRICAL_SURFACE('',#5219,0.5);
#5219 = AXIS2_PLACEMENT_3D('',#5220,#5221,#5222);
#5220 = CARTESIAN_POINT('',(54.288,-57.216,-4.6E-02));
#5221 = DIRECTION('',(-0.,-0.,-1.));
#5222 = DIRECTION('',(-0.,-1.,0.));
#5223 = ADVANCED_FACE('',(#5224),#5235,.F.);
#5224 = FACE_BOUND('',#5225,.T.);
#5225 = EDGE_LOOP('',(#5226,#5227,#5233,#5234));
#5226 = ORIENTED_EDGE('',*,*,#3521,.T.);
#5227 = ORIENTED_EDGE('',*,*,#5228,.T.);
#5228 = EDGE_CURVE('',#3522,#4129,#5229,.T.);
#5229 = LINE('',#5230,#5231);
#5230 = CARTESIAN_POINT('',(56.828,-57.716,-4.6E-02));
#5231 = VECTOR('',#5232,1.);
#5232 = DIRECTION('',(0.,0.,1.));
#5233 = ORIENTED_EDGE('',*,*,#4128,.F.);
#5234 = ORIENTED_EDGE('',*,*,#5228,.F.);
#5235 = CYLINDRICAL_SURFACE('',#5236,0.5);
#5236 = AXIS2_PLACEMENT_3D('',#5237,#5238,#5239);
#5237 = CARTESIAN_POINT('',(56.828,-57.216,-4.6E-02));
#5238 = DIRECTION('',(-0.,-0.,-1.));
#5239 = DIRECTION('',(-0.,-1.,0.));
#5240 = ADVANCED_FACE('',(#5241),#5252,.F.);
#5241 = FACE_BOUND('',#5242,.T.);
#5242 = EDGE_LOOP('',(#5243,#5244,#5250,#5251));
#5243 = ORIENTED_EDGE('',*,*,#3532,.T.);
#5244 = ORIENTED_EDGE('',*,*,#5245,.T.);
#5245 = EDGE_CURVE('',#3533,#4140,#5246,.T.);
#5246 = LINE('',#5247,#5248);
#5247 = CARTESIAN_POINT('',(87.876,-80.83,-4.6E-02));
#5248 = VECTOR('',#5249,1.);
#5249 = DIRECTION('',(0.,0.,1.));
#5250 = ORIENTED_EDGE('',*,*,#4139,.F.);
#5251 = ORIENTED_EDGE('',*,*,#5245,.F.);
#5252 = CYLINDRICAL_SURFACE('',#5253,0.5);
#5253 = AXIS2_PLACEMENT_3D('',#5254,#5255,#5256);
#5254 = CARTESIAN_POINT('',(87.876,-80.33,-4.6E-02));
#5255 = DIRECTION('',(-0.,-0.,-1.));
#5256 = DIRECTION('',(-0.,-1.,0.));
#5257 = ADVANCED_FACE('',(#5258),#5269,.F.);
#5258 = FACE_BOUND('',#5259,.T.);
#5259 = EDGE_LOOP('',(#5260,#5261,#5267,#5268));
#5260 = ORIENTED_EDGE('',*,*,#3543,.T.);
#5261 = ORIENTED_EDGE('',*,*,#5262,.T.);
#5262 = EDGE_CURVE('',#3544,#4151,#5263,.T.);
#5263 = LINE('',#5264,#5265);
#5264 = CARTESIAN_POINT('',(87.876,-78.29,-4.6E-02));
#5265 = VECTOR('',#5266,1.);
#5266 = DIRECTION('',(0.,0.,1.));
#5267 = ORIENTED_EDGE('',*,*,#4150,.F.);
#5268 = ORIENTED_EDGE('',*,*,#5262,.F.);
#5269 = CYLINDRICAL_SURFACE('',#5270,0.5);
#5270 = AXIS2_PLACEMENT_3D('',#5271,#5272,#5273);
#5271 = CARTESIAN_POINT('',(87.876,-77.79,-4.6E-02));
#5272 = DIRECTION('',(-0.,-0.,-1.));
#5273 = DIRECTION('',(-0.,-1.,0.));
#5274 = ADVANCED_FACE('',(#5275),#5286,.F.);
#5275 = FACE_BOUND('',#5276,.T.);
#5276 = EDGE_LOOP('',(#5277,#5278,#5284,#5285));
#5277 = ORIENTED_EDGE('',*,*,#3554,.T.);
#5278 = ORIENTED_EDGE('',*,*,#5279,.T.);
#5279 = EDGE_CURVE('',#3555,#4162,#5280,.T.);
#5280 = LINE('',#5281,#5282);
#5281 = CARTESIAN_POINT('',(72.4,-70.39,-4.6E-02));
#5282 = VECTOR('',#5283,1.);
#5283 = DIRECTION('',(0.,0.,1.));
#5284 = ORIENTED_EDGE('',*,*,#4161,.F.);
#5285 = ORIENTED_EDGE('',*,*,#5279,.F.);
#5286 = CYLINDRICAL_SURFACE('',#5287,1.75);
#5287 = AXIS2_PLACEMENT_3D('',#5288,#5289,#5290);
#5288 = CARTESIAN_POINT('',(72.4,-68.64,-4.6E-02));
#5289 = DIRECTION('',(-0.,-0.,-1.));
#5290 = DIRECTION('',(-0.,-1.,0.));
#5291 = ( GEOMETRIC_REPRESENTATION_CONTEXT(3) 
GLOBAL_UNCERTAINTY_ASSIGNED_CONTEXT((#5295)) 
GLOBAL_UNIT_ASSIGNED_CONTEXT((#5292,#5293,#5294)) REPRESENTATION_CONTEXT
('Context #1','3D Context with UNIT and UNCERTAINTY') );
#5292 = ( LENGTH_UNIT() NAMED_UNIT(*) SI_UNIT(.MILLI.,.METRE.) );
#5293 = ( NAMED_UNIT(*) PLANE_ANGLE_UNIT() SI_UNIT($,.RADIAN.) );
#5294 = ( NAMED_UNIT(*) SI_UNIT($,.STERADIAN.) SOLID_ANGLE_UNIT() );
#5295 = UNCERTAINTY_MEASURE_WITH_UNIT(LENGTH_MEASURE(1.E-07),#5292,
  'distance_accuracy_value','confusion accuracy');
#5296 = CONTEXT_DEPENDENT_SHAPE_REPRESENTATION(#5297,#5299);
#5297 = ( REPRESENTATION_RELATIONSHIP('','',#2853,#10) 
REPRESENTATION_RELATIONSHIP_WITH_TRANSFORMATION(#5298) 
SHAPE_REPRESENTATION_RELATIONSHIP() );
#5298 = ITEM_DEFINED_TRANSFORMATION('','',#11,#27);
#5299 = PRODUCT_DEFINITION_SHAPE('Placement','Placement of an item',
  #5300);
#5300 = NEXT_ASSEMBLY_USAGE_OCCURRENCE('4','=>[0:1:1:3]','',#5,#2848,$);
#5301 = PRODUCT_RELATED_PRODUCT_CATEGORY('part',$,(#2850));
#5302 = MECHANICAL_DESIGN_GEOMETRIC_PRESENTATION_REPRESENTATION('',(
    #5303,#5311,#5318,#5325,#5332,#5339,#5346,#5353,#5360,#5367,#5374,
    #5381,#5388,#5395,#5402,#5409,#5416,#5423,#5430,#5437,#5444,#5451,
    #5458,#5465,#5472,#5479,#5486,#5493,#5500,#5508,#5515,#5522,#5529,
    #5536,#5543,#5550,#5557,#5564,#5571,#5578,#5585,#5592,#5599,#5606,
    #5613,#5620,#5627,#5634,#5641,#5648,#5655,#5662,#5669,#5676,#5683,
    #5690,#5697,#5704,#5711,#5718,#5725,#5732,#5739,#5746,#5753,#5760,
    #5767,#5774,#5781,#5788,#5795,#5802,#5809,#5816,#5823,#5830,#5837,
    #5844,#5851,#5858,#5865,#5872,#5879,#5886,#5893,#5900,#5907,#5914,
    #5921,#5928,#5935,#5942,#5949,#5956,#5963,#5970,#5977,#5984,#5991,
    #5998),#2825);
#5303 = STYLED_ITEM('color',(#5304),#47);
#5304 = PRESENTATION_STYLE_ASSIGNMENT((#5305));
#5305 = SURFACE_STYLE_USAGE(.BOTH.,#5306);
#5306 = SURFACE_SIDE_STYLE('',(#5307));
#5307 = SURFACE_STYLE_FILL_AREA(#5308);
#5308 = FILL_AREA_STYLE('',(#5309));
#5309 = FILL_AREA_STYLE_COLOUR('',#5310);
#5310 = COLOUR_RGB('',0.147999998088,0.144999993226,0.144999993226);
#5311 = STYLED_ITEM('color',(#5312),#87);
#5312 = PRESENTATION_STYLE_ASSIGNMENT((#5313));
#5313 = SURFACE_STYLE_USAGE(.BOTH.,#5314);
#5314 = SURFACE_SIDE_STYLE('',(#5315));
#5315 = SURFACE_STYLE_FILL_AREA(#5316);
#5316 = FILL_AREA_STYLE('',(#5317));
#5317 = FILL_AREA_STYLE_COLOUR('',#5310);
#5318 = STYLED_ITEM('color',(#5319),#118);
#5319 = PRESENTATION_STYLE_ASSIGNMENT((#5320));
#5320 = SURFACE_STYLE_USAGE(.BOTH.,#5321);
#5321 = SURFACE_SIDE_STYLE('',(#5322));
#5322 = SURFACE_STYLE_FILL_AREA(#5323);
#5323 = FILL_AREA_STYLE('',(#5324));
#5324 = FILL_AREA_STYLE_COLOUR('',#5310);
#5325 = STYLED_ITEM('color',(#5326),#149);
#5326 = PRESENTATION_STYLE_ASSIGNMENT((#5327));
#5327 = SURFACE_STYLE_USAGE(.BOTH.,#5328);
#5328 = SURFACE_SIDE_STYLE('',(#5329));
#5329 = SURFACE_STYLE_FILL_AREA(#5330);
#5330 = FILL_AREA_STYLE('',(#5331));
#5331 = FILL_AREA_STYLE_COLOUR('',#5310);
#5332 = STYLED_ITEM('color',(#5333),#478);
#5333 = PRESENTATION_STYLE_ASSIGNMENT((#5334));
#5334 = SURFACE_STYLE_USAGE(.BOTH.,#5335);
#5335 = SURFACE_SIDE_STYLE('',(#5336));
#5336 = SURFACE_STYLE_FILL_AREA(#5337);
#5337 = FILL_AREA_STYLE('',(#5338));
#5338 = FILL_AREA_STYLE_COLOUR('',#5310);
#5339 = STYLED_ITEM('color',(#5340),#807);
#5340 = PRESENTATION_STYLE_ASSIGNMENT((#5341));
#5341 = SURFACE_STYLE_USAGE(.BOTH.,#5342);
#5342 = SURFACE_SIDE_STYLE('',(#5343));
#5343 = SURFACE_STYLE_FILL_AREA(#5344);
#5344 = FILL_AREA_STYLE('',(#5345));
#5345 = FILL_AREA_STYLE_COLOUR('',#5310);
#5346 = STYLED_ITEM('color',(#5347),#824);
#5347 = PRESENTATION_STYLE_ASSIGNMENT((#5348));
#5348 = SURFACE_STYLE_USAGE(.BOTH.,#5349);
#5349 = SURFACE_SIDE_STYLE('',(#5350));
#5350 = SURFACE_STYLE_FILL_AREA(#5351);
#5351 = FILL_AREA_STYLE('',(#5352));
#5352 = FILL_AREA_STYLE_COLOUR('',#5310);
#5353 = STYLED_ITEM('color',(#5354),#841);
#5354 = PRESENTATION_STYLE_ASSIGNMENT((#5355));
#5355 = SURFACE_STYLE_USAGE(.BOTH.,#5356);
#5356 = SURFACE_SIDE_STYLE('',(#5357));
#5357 = SURFACE_STYLE_FILL_AREA(#5358);
#5358 = FILL_AREA_STYLE('',(#5359));
#5359 = FILL_AREA_STYLE_COLOUR('',#5310);
#5360 = STYLED_ITEM('color',(#5361),#858);
#5361 = PRESENTATION_STYLE_ASSIGNMENT((#5362));
#5362 = SURFACE_STYLE_USAGE(.BOTH.,#5363);
#5363 = SURFACE_SIDE_STYLE('',(#5364));
#5364 = SURFACE_STYLE_FILL_AREA(#5365);
#5365 = FILL_AREA_STYLE('',(#5366));
#5366 = FILL_AREA_STYLE_COLOUR('',#5310);
#5367 = STYLED_ITEM('color',(#5368),#875);
#5368 = PRESENTATION_STYLE_ASSIGNMENT((#5369));
#5369 = SURFACE_STYLE_USAGE(.BOTH.,#5370);
#5370 = SURFACE_SIDE_STYLE('',(#5371));
#5371 = SURFACE_STYLE_FILL_AREA(#5372);
#5372 = FILL_AREA_STYLE('',(#5373));
#5373 = FILL_AREA_STYLE_COLOUR('',#5310);
#5374 = STYLED_ITEM('color',(#5375),#892);
#5375 = PRESENTATION_STYLE_ASSIGNMENT((#5376));
#5376 = SURFACE_STYLE_USAGE(.BOTH.,#5377);
#5377 = SURFACE_SIDE_STYLE('',(#5378));
#5378 = SURFACE_STYLE_FILL_AREA(#5379);
#5379 = FILL_AREA_STYLE('',(#5380));
#5380 = FILL_AREA_STYLE_COLOUR('',#5310);
#5381 = STYLED_ITEM('color',(#5382),#909);
#5382 = PRESENTATION_STYLE_ASSIGNMENT((#5383));
#5383 = SURFACE_STYLE_USAGE(.BOTH.,#5384);
#5384 = SURFACE_SIDE_STYLE('',(#5385));
#5385 = SURFACE_STYLE_FILL_AREA(#5386);
#5386 = FILL_AREA_STYLE('',(#5387));
#5387 = FILL_AREA_STYLE_COLOUR('',#5310);
#5388 = STYLED_ITEM('color',(#5389),#926);
#5389 = PRESENTATION_STYLE_ASSIGNMENT((#5390));
#5390 = SURFACE_STYLE_USAGE(.BOTH.,#5391);
#5391 = SURFACE_SIDE_STYLE('',(#5392));
#5392 = SURFACE_STYLE_FILL_AREA(#5393);
#5393 = FILL_AREA_STYLE('',(#5394));
#5394 = FILL_AREA_STYLE_COLOUR('',#5310);
#5395 = STYLED_ITEM('color',(#5396),#943);
#5396 = PRESENTATION_STYLE_ASSIGNMENT((#5397));
#5397 = SURFACE_STYLE_USAGE(.BOTH.,#5398);
#5398 = SURFACE_SIDE_STYLE('',(#5399));
#5399 = SURFACE_STYLE_FILL_AREA(#5400);
#5400 = FILL_AREA_STYLE('',(#5401));
#5401 = FILL_AREA_STYLE_COLOUR('',#5310);
#5402 = STYLED_ITEM('color',(#5403),#960);
#5403 = PRESENTATION_STYLE_ASSIGNMENT((#5404));
#5404 = SURFACE_STYLE_USAGE(.BOTH.,#5405);
#5405 = SURFACE_SIDE_STYLE('',(#5406));
#5406 = SURFACE_STYLE_FILL_AREA(#5407);
#5407 = FILL_AREA_STYLE('',(#5408));
#5408 = FILL_AREA_STYLE_COLOUR('',#5310);
#5409 = STYLED_ITEM('color',(#5410),#977);
#5410 = PRESENTATION_STYLE_ASSIGNMENT((#5411));
#5411 = SURFACE_STYLE_USAGE(.BOTH.,#5412);
#5412 = SURFACE_SIDE_STYLE('',(#5413));
#5413 = SURFACE_STYLE_FILL_AREA(#5414);
#5414 = FILL_AREA_STYLE('',(#5415));
#5415 = FILL_AREA_STYLE_COLOUR('',#5310);
#5416 = STYLED_ITEM('color',(#5417),#994);
#5417 = PRESENTATION_STYLE_ASSIGNMENT((#5418));
#5418 = SURFACE_STYLE_USAGE(.BOTH.,#5419);
#5419 = SURFACE_SIDE_STYLE('',(#5420));
#5420 = SURFACE_STYLE_FILL_AREA(#5421);
#5421 = FILL_AREA_STYLE('',(#5422));
#5422 = FILL_AREA_STYLE_COLOUR('',#5310);
#5423 = STYLED_ITEM('color',(#5424),#1011);
#5424 = PRESENTATION_STYLE_ASSIGNMENT((#5425));
#5425 = SURFACE_STYLE_USAGE(.BOTH.,#5426);
#5426 = SURFACE_SIDE_STYLE('',(#5427));
#5427 = SURFACE_STYLE_FILL_AREA(#5428);
#5428 = FILL_AREA_STYLE('',(#5429));
#5429 = FILL_AREA_STYLE_COLOUR('',#5310);
#5430 = STYLED_ITEM('color',(#5431),#1028);
#5431 = PRESENTATION_STYLE_ASSIGNMENT((#5432));
#5432 = SURFACE_STYLE_USAGE(.BOTH.,#5433);
#5433 = SURFACE_SIDE_STYLE('',(#5434));
#5434 = SURFACE_STYLE_FILL_AREA(#5435);
#5435 = FILL_AREA_STYLE('',(#5436));
#5436 = FILL_AREA_STYLE_COLOUR('',#5310);
#5437 = STYLED_ITEM('color',(#5438),#1045);
#5438 = PRESENTATION_STYLE_ASSIGNMENT((#5439));
#5439 = SURFACE_STYLE_USAGE(.BOTH.,#5440);
#5440 = SURFACE_SIDE_STYLE('',(#5441));
#5441 = SURFACE_STYLE_FILL_AREA(#5442);
#5442 = FILL_AREA_STYLE('',(#5443));
#5443 = FILL_AREA_STYLE_COLOUR('',#5310);
#5444 = STYLED_ITEM('color',(#5445),#1062);
#5445 = PRESENTATION_STYLE_ASSIGNMENT((#5446));
#5446 = SURFACE_STYLE_USAGE(.BOTH.,#5447);
#5447 = SURFACE_SIDE_STYLE('',(#5448));
#5448 = SURFACE_STYLE_FILL_AREA(#5449);
#5449 = FILL_AREA_STYLE('',(#5450));
#5450 = FILL_AREA_STYLE_COLOUR('',#5310);
#5451 = STYLED_ITEM('color',(#5452),#1079);
#5452 = PRESENTATION_STYLE_ASSIGNMENT((#5453));
#5453 = SURFACE_STYLE_USAGE(.BOTH.,#5454);
#5454 = SURFACE_SIDE_STYLE('',(#5455));
#5455 = SURFACE_STYLE_FILL_AREA(#5456);
#5456 = FILL_AREA_STYLE('',(#5457));
#5457 = FILL_AREA_STYLE_COLOUR('',#5310);
#5458 = STYLED_ITEM('color',(#5459),#1096);
#5459 = PRESENTATION_STYLE_ASSIGNMENT((#5460));
#5460 = SURFACE_STYLE_USAGE(.BOTH.,#5461);
#5461 = SURFACE_SIDE_STYLE('',(#5462));
#5462 = SURFACE_STYLE_FILL_AREA(#5463);
#5463 = FILL_AREA_STYLE('',(#5464));
#5464 = FILL_AREA_STYLE_COLOUR('',#5310);
#5465 = STYLED_ITEM('color',(#5466),#1113);
#5466 = PRESENTATION_STYLE_ASSIGNMENT((#5467));
#5467 = SURFACE_STYLE_USAGE(.BOTH.,#5468);
#5468 = SURFACE_SIDE_STYLE('',(#5469));
#5469 = SURFACE_STYLE_FILL_AREA(#5470);
#5470 = FILL_AREA_STYLE('',(#5471));
#5471 = FILL_AREA_STYLE_COLOUR('',#5310);
#5472 = STYLED_ITEM('color',(#5473),#1130);
#5473 = PRESENTATION_STYLE_ASSIGNMENT((#5474));
#5474 = SURFACE_STYLE_USAGE(.BOTH.,#5475);
#5475 = SURFACE_SIDE_STYLE('',(#5476));
#5476 = SURFACE_STYLE_FILL_AREA(#5477);
#5477 = FILL_AREA_STYLE('',(#5478));
#5478 = FILL_AREA_STYLE_COLOUR('',#5310);
#5479 = STYLED_ITEM('color',(#5480),#1147);
#5480 = PRESENTATION_STYLE_ASSIGNMENT((#5481));
#5481 = SURFACE_STYLE_USAGE(.BOTH.,#5482);
#5482 = SURFACE_SIDE_STYLE('',(#5483));
#5483 = SURFACE_STYLE_FILL_AREA(#5484);
#5484 = FILL_AREA_STYLE('',(#5485));
#5485 = FILL_AREA_STYLE_COLOUR('',#5310);
#5486 = STYLED_ITEM('color',(#5487),#1164);
#5487 = PRESENTATION_STYLE_ASSIGNMENT((#5488));
#5488 = SURFACE_STYLE_USAGE(.BOTH.,#5489);
#5489 = SURFACE_SIDE_STYLE('',(#5490));
#5490 = SURFACE_STYLE_FILL_AREA(#5491);
#5491 = FILL_AREA_STYLE('',(#5492));
#5492 = FILL_AREA_STYLE_COLOUR('',#5310);
#5493 = STYLED_ITEM('color',(#5494),#1181);
#5494 = PRESENTATION_STYLE_ASSIGNMENT((#5495));
#5495 = SURFACE_STYLE_USAGE(.BOTH.,#5496);
#5496 = SURFACE_SIDE_STYLE('',(#5497));
#5497 = SURFACE_STYLE_FILL_AREA(#5498);
#5498 = FILL_AREA_STYLE('',(#5499));
#5499 = FILL_AREA_STYLE_COLOUR('',#5310);
#5500 = STYLED_ITEM('color',(#5501),#1193);
#5501 = PRESENTATION_STYLE_ASSIGNMENT((#5502));
#5502 = SURFACE_STYLE_USAGE(.BOTH.,#5503);
#5503 = SURFACE_SIDE_STYLE('',(#5504));
#5504 = SURFACE_STYLE_FILL_AREA(#5505);
#5505 = FILL_AREA_STYLE('',(#5506));
#5506 = FILL_AREA_STYLE_COLOUR('',#5507);
#5507 = COLOUR_RGB('',0.859000020776,0.737999965183,0.495999988746);
#5508 = STYLED_ITEM('color',(#5509),#1224);
#5509 = PRESENTATION_STYLE_ASSIGNMENT((#5510));
#5510 = SURFACE_STYLE_USAGE(.BOTH.,#5511);
#5511 = SURFACE_SIDE_STYLE('',(#5512));
#5512 = SURFACE_STYLE_FILL_AREA(#5513);
#5513 = FILL_AREA_STYLE('',(#5514));
#5514 = FILL_AREA_STYLE_COLOUR('',#5507);
#5515 = STYLED_ITEM('color',(#5516),#1248);
#5516 = PRESENTATION_STYLE_ASSIGNMENT((#5517));
#5517 = SURFACE_STYLE_USAGE(.BOTH.,#5518);
#5518 = SURFACE_SIDE_STYLE('',(#5519));
#5519 = SURFACE_STYLE_FILL_AREA(#5520);
#5520 = FILL_AREA_STYLE('',(#5521));
#5521 = FILL_AREA_STYLE_COLOUR('',#5507);
#5522 = STYLED_ITEM('color',(#5523),#1272);
#5523 = PRESENTATION_STYLE_ASSIGNMENT((#5524));
#5524 = SURFACE_STYLE_USAGE(.BOTH.,#5525);
#5525 = SURFACE_SIDE_STYLE('',(#5526));
#5526 = SURFACE_STYLE_FILL_AREA(#5527);
#5527 = FILL_AREA_STYLE('',(#5528));
#5528 = FILL_AREA_STYLE_COLOUR('',#5507);
#5529 = STYLED_ITEM('color',(#5530),#1289);
#5530 = PRESENTATION_STYLE_ASSIGNMENT((#5531));
#5531 = SURFACE_STYLE_USAGE(.BOTH.,#5532);
#5532 = SURFACE_SIDE_STYLE('',(#5533));
#5533 = SURFACE_STYLE_FILL_AREA(#5534);
#5534 = FILL_AREA_STYLE('',(#5535));
#5535 = FILL_AREA_STYLE_COLOUR('',#5507);
#5536 = STYLED_ITEM('color',(#5537),#1320);
#5537 = PRESENTATION_STYLE_ASSIGNMENT((#5538));
#5538 = SURFACE_STYLE_USAGE(.BOTH.,#5539);
#5539 = SURFACE_SIDE_STYLE('',(#5540));
#5540 = SURFACE_STYLE_FILL_AREA(#5541);
#5541 = FILL_AREA_STYLE('',(#5542));
#5542 = FILL_AREA_STYLE_COLOUR('',#5507);
#5543 = STYLED_ITEM('color',(#5544),#1344);
#5544 = PRESENTATION_STYLE_ASSIGNMENT((#5545));
#5545 = SURFACE_STYLE_USAGE(.BOTH.,#5546);
#5546 = SURFACE_SIDE_STYLE('',(#5547));
#5547 = SURFACE_STYLE_FILL_AREA(#5548);
#5548 = FILL_AREA_STYLE('',(#5549));
#5549 = FILL_AREA_STYLE_COLOUR('',#5507);
#5550 = STYLED_ITEM('color',(#5551),#1368);
#5551 = PRESENTATION_STYLE_ASSIGNMENT((#5552));
#5552 = SURFACE_STYLE_USAGE(.BOTH.,#5553);
#5553 = SURFACE_SIDE_STYLE('',(#5554));
#5554 = SURFACE_STYLE_FILL_AREA(#5555);
#5555 = FILL_AREA_STYLE('',(#5556));
#5556 = FILL_AREA_STYLE_COLOUR('',#5507);
#5557 = STYLED_ITEM('color',(#5558),#1385);
#5558 = PRESENTATION_STYLE_ASSIGNMENT((#5559));
#5559 = SURFACE_STYLE_USAGE(.BOTH.,#5560);
#5560 = SURFACE_SIDE_STYLE('',(#5561));
#5561 = SURFACE_STYLE_FILL_AREA(#5562);
#5562 = FILL_AREA_STYLE('',(#5563));
#5563 = FILL_AREA_STYLE_COLOUR('',#5507);
#5564 = STYLED_ITEM('color',(#5565),#1416);
#5565 = PRESENTATION_STYLE_ASSIGNMENT((#5566));
#5566 = SURFACE_STYLE_USAGE(.BOTH.,#5567);
#5567 = SURFACE_SIDE_STYLE('',(#5568));
#5568 = SURFACE_STYLE_FILL_AREA(#5569);
#5569 = FILL_AREA_STYLE('',(#5570));
#5570 = FILL_AREA_STYLE_COLOUR('',#5507);
#5571 = STYLED_ITEM('color',(#5572),#1440);
#5572 = PRESENTATION_STYLE_ASSIGNMENT((#5573));
#5573 = SURFACE_STYLE_USAGE(.BOTH.,#5574);
#5574 = SURFACE_SIDE_STYLE('',(#5575));
#5575 = SURFACE_STYLE_FILL_AREA(#5576);
#5576 = FILL_AREA_STYLE('',(#5577));
#5577 = FILL_AREA_STYLE_COLOUR('',#5507);
#5578 = STYLED_ITEM('color',(#5579),#1464);
#5579 = PRESENTATION_STYLE_ASSIGNMENT((#5580));
#5580 = SURFACE_STYLE_USAGE(.BOTH.,#5581);
#5581 = SURFACE_SIDE_STYLE('',(#5582));
#5582 = SURFACE_STYLE_FILL_AREA(#5583);
#5583 = FILL_AREA_STYLE('',(#5584));
#5584 = FILL_AREA_STYLE_COLOUR('',#5507);
#5585 = STYLED_ITEM('color',(#5586),#1481);
#5586 = PRESENTATION_STYLE_ASSIGNMENT((#5587));
#5587 = SURFACE_STYLE_USAGE(.BOTH.,#5588);
#5588 = SURFACE_SIDE_STYLE('',(#5589));
#5589 = SURFACE_STYLE_FILL_AREA(#5590);
#5590 = FILL_AREA_STYLE('',(#5591));
#5591 = FILL_AREA_STYLE_COLOUR('',#5507);
#5592 = STYLED_ITEM('color',(#5593),#1512);
#5593 = PRESENTATION_STYLE_ASSIGNMENT((#5594));
#5594 = SURFACE_STYLE_USAGE(.BOTH.,#5595);
#5595 = SURFACE_SIDE_STYLE('',(#5596));
#5596 = SURFACE_STYLE_FILL_AREA(#5597);
#5597 = FILL_AREA_STYLE('',(#5598));
#5598 = FILL_AREA_STYLE_COLOUR('',#5507);
#5599 = STYLED_ITEM('color',(#5600),#1536);
#5600 = PRESENTATION_STYLE_ASSIGNMENT((#5601));
#5601 = SURFACE_STYLE_USAGE(.BOTH.,#5602);
#5602 = SURFACE_SIDE_STYLE('',(#5603));
#5603 = SURFACE_STYLE_FILL_AREA(#5604);
#5604 = FILL_AREA_STYLE('',(#5605));
#5605 = FILL_AREA_STYLE_COLOUR('',#5507);
#5606 = STYLED_ITEM('color',(#5607),#1560);
#5607 = PRESENTATION_STYLE_ASSIGNMENT((#5608));
#5608 = SURFACE_STYLE_USAGE(.BOTH.,#5609);
#5609 = SURFACE_SIDE_STYLE('',(#5610));
#5610 = SURFACE_STYLE_FILL_AREA(#5611);
#5611 = FILL_AREA_STYLE('',(#5612));
#5612 = FILL_AREA_STYLE_COLOUR('',#5507);
#5613 = STYLED_ITEM('color',(#5614),#1577);
#5614 = PRESENTATION_STYLE_ASSIGNMENT((#5615));
#5615 = SURFACE_STYLE_USAGE(.BOTH.,#5616);
#5616 = SURFACE_SIDE_STYLE('',(#5617));
#5617 = SURFACE_STYLE_FILL_AREA(#5618);
#5618 = FILL_AREA_STYLE('',(#5619));
#5619 = FILL_AREA_STYLE_COLOUR('',#5507);
#5620 = STYLED_ITEM('color',(#5621),#1608);
#5621 = PRESENTATION_STYLE_ASSIGNMENT((#5622));
#5622 = SURFACE_STYLE_USAGE(.BOTH.,#5623);
#5623 = SURFACE_SIDE_STYLE('',(#5624));
#5624 = SURFACE_STYLE_FILL_AREA(#5625);
#5625 = FILL_AREA_STYLE('',(#5626));
#5626 = FILL_AREA_STYLE_COLOUR('',#5507);
#5627 = STYLED_ITEM('color',(#5628),#1632);
#5628 = PRESENTATION_STYLE_ASSIGNMENT((#5629));
#5629 = SURFACE_STYLE_USAGE(.BOTH.,#5630);
#5630 = SURFACE_SIDE_STYLE('',(#5631));
#5631 = SURFACE_STYLE_FILL_AREA(#5632);
#5632 = FILL_AREA_STYLE('',(#5633));
#5633 = FILL_AREA_STYLE_COLOUR('',#5507);
#5634 = STYLED_ITEM('color',(#5635),#1656);
#5635 = PRESENTATION_STYLE_ASSIGNMENT((#5636));
#5636 = SURFACE_STYLE_USAGE(.BOTH.,#5637);
#5637 = SURFACE_SIDE_STYLE('',(#5638));
#5638 = SURFACE_STYLE_FILL_AREA(#5639);
#5639 = FILL_AREA_STYLE('',(#5640));
#5640 = FILL_AREA_STYLE_COLOUR('',#5507);
#5641 = STYLED_ITEM('color',(#5642),#1673);
#5642 = PRESENTATION_STYLE_ASSIGNMENT((#5643));
#5643 = SURFACE_STYLE_USAGE(.BOTH.,#5644);
#5644 = SURFACE_SIDE_STYLE('',(#5645));
#5645 = SURFACE_STYLE_FILL_AREA(#5646);
#5646 = FILL_AREA_STYLE('',(#5647));
#5647 = FILL_AREA_STYLE_COLOUR('',#5507);
#5648 = STYLED_ITEM('color',(#5649),#1704);
#5649 = PRESENTATION_STYLE_ASSIGNMENT((#5650));
#5650 = SURFACE_STYLE_USAGE(.BOTH.,#5651);
#5651 = SURFACE_SIDE_STYLE('',(#5652));
#5652 = SURFACE_STYLE_FILL_AREA(#5653);
#5653 = FILL_AREA_STYLE('',(#5654));
#5654 = FILL_AREA_STYLE_COLOUR('',#5507);
#5655 = STYLED_ITEM('color',(#5656),#1728);
#5656 = PRESENTATION_STYLE_ASSIGNMENT((#5657));
#5657 = SURFACE_STYLE_USAGE(.BOTH.,#5658);
#5658 = SURFACE_SIDE_STYLE('',(#5659));
#5659 = SURFACE_STYLE_FILL_AREA(#5660);
#5660 = FILL_AREA_STYLE('',(#5661));
#5661 = FILL_AREA_STYLE_COLOUR('',#5507);
#5662 = STYLED_ITEM('color',(#5663),#1752);
#5663 = PRESENTATION_STYLE_ASSIGNMENT((#5664));
#5664 = SURFACE_STYLE_USAGE(.BOTH.,#5665);
#5665 = SURFACE_SIDE_STYLE('',(#5666));
#5666 = SURFACE_STYLE_FILL_AREA(#5667);
#5667 = FILL_AREA_STYLE('',(#5668));
#5668 = FILL_AREA_STYLE_COLOUR('',#5507);
#5669 = STYLED_ITEM('color',(#5670),#1769);
#5670 = PRESENTATION_STYLE_ASSIGNMENT((#5671));
#5671 = SURFACE_STYLE_USAGE(.BOTH.,#5672);
#5672 = SURFACE_SIDE_STYLE('',(#5673));
#5673 = SURFACE_STYLE_FILL_AREA(#5674);
#5674 = FILL_AREA_STYLE('',(#5675));
#5675 = FILL_AREA_STYLE_COLOUR('',#5507);
#5676 = STYLED_ITEM('color',(#5677),#1800);
#5677 = PRESENTATION_STYLE_ASSIGNMENT((#5678));
#5678 = SURFACE_STYLE_USAGE(.BOTH.,#5679);
#5679 = SURFACE_SIDE_STYLE('',(#5680));
#5680 = SURFACE_STYLE_FILL_AREA(#5681);
#5681 = FILL_AREA_STYLE('',(#5682));
#5682 = FILL_AREA_STYLE_COLOUR('',#5507);
#5683 = STYLED_ITEM('color',(#5684),#1824);
#5684 = PRESENTATION_STYLE_ASSIGNMENT((#5685));
#5685 = SURFACE_STYLE_USAGE(.BOTH.,#5686);
#5686 = SURFACE_SIDE_STYLE('',(#5687));
#5687 = SURFACE_STYLE_FILL_AREA(#5688);
#5688 = FILL_AREA_STYLE('',(#5689));
#5689 = FILL_AREA_STYLE_COLOUR('',#5507);
#5690 = STYLED_ITEM('color',(#5691),#1848);
#5691 = PRESENTATION_STYLE_ASSIGNMENT((#5692));
#5692 = SURFACE_STYLE_USAGE(.BOTH.,#5693);
#5693 = SURFACE_SIDE_STYLE('',(#5694));
#5694 = SURFACE_STYLE_FILL_AREA(#5695);
#5695 = FILL_AREA_STYLE('',(#5696));
#5696 = FILL_AREA_STYLE_COLOUR('',#5507);
#5697 = STYLED_ITEM('color',(#5698),#1865);
#5698 = PRESENTATION_STYLE_ASSIGNMENT((#5699));
#5699 = SURFACE_STYLE_USAGE(.BOTH.,#5700);
#5700 = SURFACE_SIDE_STYLE('',(#5701));
#5701 = SURFACE_STYLE_FILL_AREA(#5702);
#5702 = FILL_AREA_STYLE('',(#5703));
#5703 = FILL_AREA_STYLE_COLOUR('',#5507);
#5704 = STYLED_ITEM('color',(#5705),#1896);
#5705 = PRESENTATION_STYLE_ASSIGNMENT((#5706));
#5706 = SURFACE_STYLE_USAGE(.BOTH.,#5707);
#5707 = SURFACE_SIDE_STYLE('',(#5708));
#5708 = SURFACE_STYLE_FILL_AREA(#5709);
#5709 = FILL_AREA_STYLE('',(#5710));
#5710 = FILL_AREA_STYLE_COLOUR('',#5507);
#5711 = STYLED_ITEM('color',(#5712),#1920);
#5712 = PRESENTATION_STYLE_ASSIGNMENT((#5713));
#5713 = SURFACE_STYLE_USAGE(.BOTH.,#5714);
#5714 = SURFACE_SIDE_STYLE('',(#5715));
#5715 = SURFACE_STYLE_FILL_AREA(#5716);
#5716 = FILL_AREA_STYLE('',(#5717));
#5717 = FILL_AREA_STYLE_COLOUR('',#5507);
#5718 = STYLED_ITEM('color',(#5719),#1944);
#5719 = PRESENTATION_STYLE_ASSIGNMENT((#5720));
#5720 = SURFACE_STYLE_USAGE(.BOTH.,#5721);
#5721 = SURFACE_SIDE_STYLE('',(#5722));
#5722 = SURFACE_STYLE_FILL_AREA(#5723);
#5723 = FILL_AREA_STYLE('',(#5724));
#5724 = FILL_AREA_STYLE_COLOUR('',#5507);
#5725 = STYLED_ITEM('color',(#5726),#1961);
#5726 = PRESENTATION_STYLE_ASSIGNMENT((#5727));
#5727 = SURFACE_STYLE_USAGE(.BOTH.,#5728);
#5728 = SURFACE_SIDE_STYLE('',(#5729));
#5729 = SURFACE_STYLE_FILL_AREA(#5730);
#5730 = FILL_AREA_STYLE('',(#5731));
#5731 = FILL_AREA_STYLE_COLOUR('',#5507);
#5732 = STYLED_ITEM('color',(#5733),#1992);
#5733 = PRESENTATION_STYLE_ASSIGNMENT((#5734));
#5734 = SURFACE_STYLE_USAGE(.BOTH.,#5735);
#5735 = SURFACE_SIDE_STYLE('',(#5736));
#5736 = SURFACE_STYLE_FILL_AREA(#5737);
#5737 = FILL_AREA_STYLE('',(#5738));
#5738 = FILL_AREA_STYLE_COLOUR('',#5507);
#5739 = STYLED_ITEM('color',(#5740),#2016);
#5740 = PRESENTATION_STYLE_ASSIGNMENT((#5741));
#5741 = SURFACE_STYLE_USAGE(.BOTH.,#5742);
#5742 = SURFACE_SIDE_STYLE('',(#5743));
#5743 = SURFACE_STYLE_FILL_AREA(#5744);
#5744 = FILL_AREA_STYLE('',(#5745));
#5745 = FILL_AREA_STYLE_COLOUR('',#5507);
#5746 = STYLED_ITEM('color',(#5747),#2040);
#5747 = PRESENTATION_STYLE_ASSIGNMENT((#5748));
#5748 = SURFACE_STYLE_USAGE(.BOTH.,#5749);
#5749 = SURFACE_SIDE_STYLE('',(#5750));
#5750 = SURFACE_STYLE_FILL_AREA(#5751);
#5751 = FILL_AREA_STYLE('',(#5752));
#5752 = FILL_AREA_STYLE_COLOUR('',#5507);
#5753 = STYLED_ITEM('color',(#5754),#2057);
#5754 = PRESENTATION_STYLE_ASSIGNMENT((#5755));
#5755 = SURFACE_STYLE_USAGE(.BOTH.,#5756);
#5756 = SURFACE_SIDE_STYLE('',(#5757));
#5757 = SURFACE_STYLE_FILL_AREA(#5758);
#5758 = FILL_AREA_STYLE('',(#5759));
#5759 = FILL_AREA_STYLE_COLOUR('',#5507);
#5760 = STYLED_ITEM('color',(#5761),#2088);
#5761 = PRESENTATION_STYLE_ASSIGNMENT((#5762));
#5762 = SURFACE_STYLE_USAGE(.BOTH.,#5763);
#5763 = SURFACE_SIDE_STYLE('',(#5764));
#5764 = SURFACE_STYLE_FILL_AREA(#5765);
#5765 = FILL_AREA_STYLE('',(#5766));
#5766 = FILL_AREA_STYLE_COLOUR('',#5507);
#5767 = STYLED_ITEM('color',(#5768),#2112);
#5768 = PRESENTATION_STYLE_ASSIGNMENT((#5769));
#5769 = SURFACE_STYLE_USAGE(.BOTH.,#5770);
#5770 = SURFACE_SIDE_STYLE('',(#5771));
#5771 = SURFACE_STYLE_FILL_AREA(#5772);
#5772 = FILL_AREA_STYLE('',(#5773));
#5773 = FILL_AREA_STYLE_COLOUR('',#5507);
#5774 = STYLED_ITEM('color',(#5775),#2136);
#5775 = PRESENTATION_STYLE_ASSIGNMENT((#5776));
#5776 = SURFACE_STYLE_USAGE(.BOTH.,#5777);
#5777 = SURFACE_SIDE_STYLE('',(#5778));
#5778 = SURFACE_STYLE_FILL_AREA(#5779);
#5779 = FILL_AREA_STYLE('',(#5780));
#5780 = FILL_AREA_STYLE_COLOUR('',#5507);
#5781 = STYLED_ITEM('color',(#5782),#2153);
#5782 = PRESENTATION_STYLE_ASSIGNMENT((#5783));
#5783 = SURFACE_STYLE_USAGE(.BOTH.,#5784);
#5784 = SURFACE_SIDE_STYLE('',(#5785));
#5785 = SURFACE_STYLE_FILL_AREA(#5786);
#5786 = FILL_AREA_STYLE('',(#5787));
#5787 = FILL_AREA_STYLE_COLOUR('',#5507);
#5788 = STYLED_ITEM('color',(#5789),#2184);
#5789 = PRESENTATION_STYLE_ASSIGNMENT((#5790));
#5790 = SURFACE_STYLE_USAGE(.BOTH.,#5791);
#5791 = SURFACE_SIDE_STYLE('',(#5792));
#5792 = SURFACE_STYLE_FILL_AREA(#5793);
#5793 = FILL_AREA_STYLE('',(#5794));
#5794 = FILL_AREA_STYLE_COLOUR('',#5507);
#5795 = STYLED_ITEM('color',(#5796),#2208);
#5796 = PRESENTATION_STYLE_ASSIGNMENT((#5797));
#5797 = SURFACE_STYLE_USAGE(.BOTH.,#5798);
#5798 = SURFACE_SIDE_STYLE('',(#5799));
#5799 = SURFACE_STYLE_FILL_AREA(#5800);
#5800 = FILL_AREA_STYLE('',(#5801));
#5801 = FILL_AREA_STYLE_COLOUR('',#5507);
#5802 = STYLED_ITEM('color',(#5803),#2232);
#5803 = PRESENTATION_STYLE_ASSIGNMENT((#5804));
#5804 = SURFACE_STYLE_USAGE(.BOTH.,#5805);
#5805 = SURFACE_SIDE_STYLE('',(#5806));
#5806 = SURFACE_STYLE_FILL_AREA(#5807);
#5807 = FILL_AREA_STYLE('',(#5808));
#5808 = FILL_AREA_STYLE_COLOUR('',#5507);
#5809 = STYLED_ITEM('color',(#5810),#2249);
#5810 = PRESENTATION_STYLE_ASSIGNMENT((#5811));
#5811 = SURFACE_STYLE_USAGE(.BOTH.,#5812);
#5812 = SURFACE_SIDE_STYLE('',(#5813));
#5813 = SURFACE_STYLE_FILL_AREA(#5814);
#5814 = FILL_AREA_STYLE('',(#5815));
#5815 = FILL_AREA_STYLE_COLOUR('',#5507);
#5816 = STYLED_ITEM('color',(#5817),#2280);
#5817 = PRESENTATION_STYLE_ASSIGNMENT((#5818));
#5818 = SURFACE_STYLE_USAGE(.BOTH.,#5819);
#5819 = SURFACE_SIDE_STYLE('',(#5820));
#5820 = SURFACE_STYLE_FILL_AREA(#5821);
#5821 = FILL_AREA_STYLE('',(#5822));
#5822 = FILL_AREA_STYLE_COLOUR('',#5507);
#5823 = STYLED_ITEM('color',(#5824),#2304);
#5824 = PRESENTATION_STYLE_ASSIGNMENT((#5825));
#5825 = SURFACE_STYLE_USAGE(.BOTH.,#5826);
#5826 = SURFACE_SIDE_STYLE('',(#5827));
#5827 = SURFACE_STYLE_FILL_AREA(#5828);
#5828 = FILL_AREA_STYLE('',(#5829));
#5829 = FILL_AREA_STYLE_COLOUR('',#5507);
#5830 = STYLED_ITEM('color',(#5831),#2328);
#5831 = PRESENTATION_STYLE_ASSIGNMENT((#5832));
#5832 = SURFACE_STYLE_USAGE(.BOTH.,#5833);
#5833 = SURFACE_SIDE_STYLE('',(#5834));
#5834 = SURFACE_STYLE_FILL_AREA(#5835);
#5835 = FILL_AREA_STYLE('',(#5836));
#5836 = FILL_AREA_STYLE_COLOUR('',#5507);
#5837 = STYLED_ITEM('color',(#5838),#2345);
#5838 = PRESENTATION_STYLE_ASSIGNMENT((#5839));
#5839 = SURFACE_STYLE_USAGE(.BOTH.,#5840);
#5840 = SURFACE_SIDE_STYLE('',(#5841));
#5841 = SURFACE_STYLE_FILL_AREA(#5842);
#5842 = FILL_AREA_STYLE('',(#5843));
#5843 = FILL_AREA_STYLE_COLOUR('',#5507);
#5844 = STYLED_ITEM('color',(#5845),#2376);
#5845 = PRESENTATION_STYLE_ASSIGNMENT((#5846));
#5846 = SURFACE_STYLE_USAGE(.BOTH.,#5847);
#5847 = SURFACE_SIDE_STYLE('',(#5848));
#5848 = SURFACE_STYLE_FILL_AREA(#5849);
#5849 = FILL_AREA_STYLE('',(#5850));
#5850 = FILL_AREA_STYLE_COLOUR('',#5507);
#5851 = STYLED_ITEM('color',(#5852),#2400);
#5852 = PRESENTATION_STYLE_ASSIGNMENT((#5853));
#5853 = SURFACE_STYLE_USAGE(.BOTH.,#5854);
#5854 = SURFACE_SIDE_STYLE('',(#5855));
#5855 = SURFACE_STYLE_FILL_AREA(#5856);
#5856 = FILL_AREA_STYLE('',(#5857));
#5857 = FILL_AREA_STYLE_COLOUR('',#5507);
#5858 = STYLED_ITEM('color',(#5859),#2424);
#5859 = PRESENTATION_STYLE_ASSIGNMENT((#5860));
#5860 = SURFACE_STYLE_USAGE(.BOTH.,#5861);
#5861 = SURFACE_SIDE_STYLE('',(#5862));
#5862 = SURFACE_STYLE_FILL_AREA(#5863);
#5863 = FILL_AREA_STYLE('',(#5864));
#5864 = FILL_AREA_STYLE_COLOUR('',#5507);
#5865 = STYLED_ITEM('color',(#5866),#2441);
#5866 = PRESENTATION_STYLE_ASSIGNMENT((#5867));
#5867 = SURFACE_STYLE_USAGE(.BOTH.,#5868);
#5868 = SURFACE_SIDE_STYLE('',(#5869));
#5869 = SURFACE_STYLE_FILL_AREA(#5870);
#5870 = FILL_AREA_STYLE('',(#5871));
#5871 = FILL_AREA_STYLE_COLOUR('',#5507);
#5872 = STYLED_ITEM('color',(#5873),#2472);
#5873 = PRESENTATION_STYLE_ASSIGNMENT((#5874));
#5874 = SURFACE_STYLE_USAGE(.BOTH.,#5875);
#5875 = SURFACE_SIDE_STYLE('',(#5876));
#5876 = SURFACE_STYLE_FILL_AREA(#5877);
#5877 = FILL_AREA_STYLE('',(#5878));
#5878 = FILL_AREA_STYLE_COLOUR('',#5507);
#5879 = STYLED_ITEM('color',(#5880),#2496);
#5880 = PRESENTATION_STYLE_ASSIGNMENT((#5881));
#5881 = SURFACE_STYLE_USAGE(.BOTH.,#5882);
#5882 = SURFACE_SIDE_STYLE('',(#5883));
#5883 = SURFACE_STYLE_FILL_AREA(#5884);
#5884 = FILL_AREA_STYLE('',(#5885));
#5885 = FILL_AREA_STYLE_COLOUR('',#5507);
#5886 = STYLED_ITEM('color',(#5887),#2520);
#5887 = PRESENTATION_STYLE_ASSIGNMENT((#5888));
#5888 = SURFACE_STYLE_USAGE(.BOTH.,#5889);
#5889 = SURFACE_SIDE_STYLE('',(#5890));
#5890 = SURFACE_STYLE_FILL_AREA(#5891);
#5891 = FILL_AREA_STYLE('',(#5892));
#5892 = FILL_AREA_STYLE_COLOUR('',#5507);
#5893 = STYLED_ITEM('color',(#5894),#2537);
#5894 = PRESENTATION_STYLE_ASSIGNMENT((#5895));
#5895 = SURFACE_STYLE_USAGE(.BOTH.,#5896);
#5896 = SURFACE_SIDE_STYLE('',(#5897));
#5897 = SURFACE_STYLE_FILL_AREA(#5898);
#5898 = FILL_AREA_STYLE('',(#5899));
#5899 = FILL_AREA_STYLE_COLOUR('',#5507);
#5900 = STYLED_ITEM('color',(#5901),#2568);
#5901 = PRESENTATION_STYLE_ASSIGNMENT((#5902));
#5902 = SURFACE_STYLE_USAGE(.BOTH.,#5903);
#5903 = SURFACE_SIDE_STYLE('',(#5904));
#5904 = SURFACE_STYLE_FILL_AREA(#5905);
#5905 = FILL_AREA_STYLE('',(#5906));
#5906 = FILL_AREA_STYLE_COLOUR('',#5507);
#5907 = STYLED_ITEM('color',(#5908),#2592);
#5908 = PRESENTATION_STYLE_ASSIGNMENT((#5909));
#5909 = SURFACE_STYLE_USAGE(.BOTH.,#5910);
#5910 = SURFACE_SIDE_STYLE('',(#5911));
#5911 = SURFACE_STYLE_FILL_AREA(#5912);
#5912 = FILL_AREA_STYLE('',(#5913));
#5913 = FILL_AREA_STYLE_COLOUR('',#5507);
#5914 = STYLED_ITEM('color',(#5915),#2616);
#5915 = PRESENTATION_STYLE_ASSIGNMENT((#5916));
#5916 = SURFACE_STYLE_USAGE(.BOTH.,#5917);
#5917 = SURFACE_SIDE_STYLE('',(#5918));
#5918 = SURFACE_STYLE_FILL_AREA(#5919);
#5919 = FILL_AREA_STYLE('',(#5920));
#5920 = FILL_AREA_STYLE_COLOUR('',#5507);
#5921 = STYLED_ITEM('color',(#5922),#2633);
#5922 = PRESENTATION_STYLE_ASSIGNMENT((#5923));
#5923 = SURFACE_STYLE_USAGE(.BOTH.,#5924);
#5924 = SURFACE_SIDE_STYLE('',(#5925));
#5925 = SURFACE_STYLE_FILL_AREA(#5926);
#5926 = FILL_AREA_STYLE('',(#5927));
#5927 = FILL_AREA_STYLE_COLOUR('',#5507);
#5928 = STYLED_ITEM('color',(#5929),#2664);
#5929 = PRESENTATION_STYLE_ASSIGNMENT((#5930));
#5930 = SURFACE_STYLE_USAGE(.BOTH.,#5931);
#5931 = SURFACE_SIDE_STYLE('',(#5932));
#5932 = SURFACE_STYLE_FILL_AREA(#5933);
#5933 = FILL_AREA_STYLE('',(#5934));
#5934 = FILL_AREA_STYLE_COLOUR('',#5507);
#5935 = STYLED_ITEM('color',(#5936),#2688);
#5936 = PRESENTATION_STYLE_ASSIGNMENT((#5937));
#5937 = SURFACE_STYLE_USAGE(.BOTH.,#5938);
#5938 = SURFACE_SIDE_STYLE('',(#5939));
#5939 = SURFACE_STYLE_FILL_AREA(#5940);
#5940 = FILL_AREA_STYLE('',(#5941));
#5941 = FILL_AREA_STYLE_COLOUR('',#5507);
#5942 = STYLED_ITEM('color',(#5943),#2712);
#5943 = PRESENTATION_STYLE_ASSIGNMENT((#5944));
#5944 = SURFACE_STYLE_USAGE(.BOTH.,#5945);
#5945 = SURFACE_SIDE_STYLE('',(#5946));
#5946 = SURFACE_STYLE_FILL_AREA(#5947);
#5947 = FILL_AREA_STYLE('',(#5948));
#5948 = FILL_AREA_STYLE_COLOUR('',#5507);
#5949 = STYLED_ITEM('color',(#5950),#2729);
#5950 = PRESENTATION_STYLE_ASSIGNMENT((#5951));
#5951 = SURFACE_STYLE_USAGE(.BOTH.,#5952);
#5952 = SURFACE_SIDE_STYLE('',(#5953));
#5953 = SURFACE_STYLE_FILL_AREA(#5954);
#5954 = FILL_AREA_STYLE('',(#5955));
#5955 = FILL_AREA_STYLE_COLOUR('',#5507);
#5956 = STYLED_ITEM('color',(#5957),#2741);
#5957 = PRESENTATION_STYLE_ASSIGNMENT((#5958));
#5958 = SURFACE_STYLE_USAGE(.BOTH.,#5959);
#5959 = SURFACE_SIDE_STYLE('',(#5960));
#5960 = SURFACE_STYLE_FILL_AREA(#5961);
#5961 = FILL_AREA_STYLE('',(#5962));
#5962 = FILL_AREA_STYLE_COLOUR('',#5507);
#5963 = STYLED_ITEM('color',(#5964),#2753);
#5964 = PRESENTATION_STYLE_ASSIGNMENT((#5965));
#5965 = SURFACE_STYLE_USAGE(.BOTH.,#5966);
#5966 = SURFACE_SIDE_STYLE('',(#5967));
#5967 = SURFACE_STYLE_FILL_AREA(#5968);
#5968 = FILL_AREA_STYLE('',(#5969));
#5969 = FILL_AREA_STYLE_COLOUR('',#5507);
#5970 = STYLED_ITEM('color',(#5971),#2765);
#5971 = PRESENTATION_STYLE_ASSIGNMENT((#5972));
#5972 = SURFACE_STYLE_USAGE(.BOTH.,#5973);
#5973 = SURFACE_SIDE_STYLE('',(#5974));
#5974 = SURFACE_STYLE_FILL_AREA(#5975);
#5975 = FILL_AREA_STYLE('',(#5976));
#5976 = FILL_AREA_STYLE_COLOUR('',#5507);
#5977 = STYLED_ITEM('color',(#5978),#2777);
#5978 = PRESENTATION_STYLE_ASSIGNMENT((#5979));
#5979 = SURFACE_STYLE_USAGE(.BOTH.,#5980);
#5980 = SURFACE_SIDE_STYLE('',(#5981));
#5981 = SURFACE_STYLE_FILL_AREA(#5982);
#5982 = FILL_AREA_STYLE('',(#5983));
#5983 = FILL_AREA_STYLE_COLOUR('',#5507);
#5984 = STYLED_ITEM('color',(#5985),#2789);
#5985 = PRESENTATION_STYLE_ASSIGNMENT((#5986));
#5986 = SURFACE_STYLE_USAGE(.BOTH.,#5987);
#5987 = SURFACE_SIDE_STYLE('',(#5988));
#5988 = SURFACE_STYLE_FILL_AREA(#5989);
#5989 = FILL_AREA_STYLE('',(#5990));
#5990 = FILL_AREA_STYLE_COLOUR('',#5507);
#5991 = STYLED_ITEM('color',(#5992),#2801);
#5992 = PRESENTATION_STYLE_ASSIGNMENT((#5993));
#5993 = SURFACE_STYLE_USAGE(.BOTH.,#5994);
#5994 = SURFACE_SIDE_STYLE('',(#5995));
#5995 = SURFACE_STYLE_FILL_AREA(#5996);
#5996 = FILL_AREA_STYLE('',(#5997));
#5997 = FILL_AREA_STYLE_COLOUR('',#5507);
#5998 = STYLED_ITEM('color',(#5999),#2813);
#5999 = PRESENTATION_STYLE_ASSIGNMENT((#6000));
#6000 = SURFACE_STYLE_USAGE(.BOTH.,#6001);
#6001 = SURFACE_SIDE_STYLE('',(#6002));
#6002 = SURFACE_STYLE_FILL_AREA(#6003);
#6003 = FILL_AREA_STYLE('',(#6004));
#6004 = FILL_AREA_STYLE_COLOUR('',#5507);
#6005 = MECHANICAL_DESIGN_GEOMETRIC_PRESENTATION_REPRESENTATION('',(
    #6006),#5291);
#6006 = STYLED_ITEM('color',(#6007),#2854);
#6007 = PRESENTATION_STYLE_ASSIGNMENT((#6008));
#6008 = SURFACE_STYLE_USAGE(.BOTH.,#6009);
#6009 = SURFACE_SIDE_STYLE('',(#6010));
#6010 = SURFACE_STYLE_FILL_AREA(#6011);
#6011 = FILL_AREA_STYLE('',(#6012));
#6012 = FILL_AREA_STYLE_COLOUR('',#6013);
#6013 = COLOUR_RGB('',0.313304153717,0.484529207832,0.410020903123);
ENDSEC;
END-ISO-10303-21;
